TITLE: Bill of Materials
BOM NO: 05-079905-01-d.csv
DATE: 01/10/2024
DESIGN: 02_079905d_top
TEMPLATE: Z:\allegro\v174_site\cdssetup\template.bom
CALLOUT: C:\tmp\20_079905d\worklib\02_079905d_top\bom\mechanical.callouts

ITEM#,Qty,WW_PN,DESCRIPTION," VALUE",JEDEC_TYPE,TOL,VOLTAGE,WATTAGE,LOCATION,MFG," MFG_PN",HLM_STATUS,STOCKROOM_WL,STOCKROOM_GT,STOCKROOM_LK,STOCKROOM_GBO,STOCKROOM_NSH,CUSTOM_PART,DNI
1,1,08_079905c,PCB,?,?,?,?,?,?,Analog Devices Supplied,08_079905c,N/A,?,?,?,?,?,?,?
2,2,E016322,CONN-PCB TEST POINT BLUE," BLU",CNKEY5001TP,N/A,N/A,N/A,"5V_DA,EN_DA",KEYSTONE ELECTRONICS," 5117",REL,N/A,N/A,N/A,N/A,6001640,?,?
3,1,E056877,"CONN-PCB TEST POINT, PURPLE"," 5124",CNKEY5005-9TP,N/A,N/A,N/A,5V_PDA,KEYSTONE," 5124",REL,N/A,N/A,N/A,N/A,N/A,?,?
4,2,E006153,CONN-PCB TST PNT WHITE," WHT",CNKEY5001TP,N/A,N/A,N/A,"5V_SW,EN_SW",KEYSTONE ELECTRONICS," 5002",REL,A012-0018-082,N/A,N/A,N/A,6001075,?,?
5,6,E017201,"IC-ADI HI-PERFORMANCE, 145MHZ FASTFET OPAMP"," AD8065ARZ",SO8,N/A,N/A,?,"A1,A2,A3,A4,A5,A6",ADI," AD8065ARZ",REL,N/A,N/A,N/A,N/A,1002341,?,?
6,1,E057967,CAP CER 150NF 10% 100V X7R 1206," 150NF",C1206H71,10,100V,N/A,C1,WURTH ELEKTRONIK," 885012208119",REL,N/A,N/A,N/A,N/A,N/A,?,?
8,20,E056342,CAP CER 1UF 10V 10% X7R 0402," 1UF",C0402,10,10V,N/A,"C42,C51,C69,C70,C99,C100,C125,C130,C131,C132,C134,C136,C137,C138,C139,C140,C141,C142,C175,C176",MURATA," GRM155Z71A105KE01D",REL,N/A,N/A,N/A,N/A,N/A,?,?
9,6,E042801,CAP CER 10PF 16V 10% C0G 0402," 10PF",C0402,10,16V,N/A,"C71,C73,C101,C103,C177,C179",AVX CORPORATION," 0402YA100KAT2A",REL,N/A,N/A,N/A,N/A,N/A,?,?
10,44,E062928,CAP CER 0.1UF 16V 20% X7R 0402," 0.1UF",C0402,20,16V,N/A,"C55,C67,C68,C72,C74,C76,C77,C78,C79,C80,C87,C88,C89,C90,C97,C98,C102,C104,C106,C107,C108,C109,C110,C117,C118,C119,C120,C152,C155,C173,C174,C178,C180,C182,C183,C184,C185,C186,C193,C194,C195,C196,C200,C204",KEMET," C0402C104M4RACTU",REL,N/A,N/A,N/A,N/A,N/A,?,?
11,2,E041637,CAP CER 4.7uF 6.3V 20% X6S 0402 AEC-Q200," 4.7uF",C0402,20,6.3V,N/A,"C105,C181",MURATA," GRT155C80J475ME13D",REL,N/A,N/A,N/A,N/A,N/A,?,?
13,29,E034700,CAP CER 4.7uF 16V 20% X5R 0402," 4.7uF",C0402,20,16V,N/A,"C24,C25,C26,C31,C32,C33,C35,C36,C39,C40,C44,C49,C50,C58,C59,C75,C81,C82,C83,C84,C111,C112,C113,C114,C148,C187,C188,C189,C190",SAMSUNG," CL05A475MO5NUNC",REL,N/A,N/A,N/A,N/A,N/A,?,?
15,5,E054542,CAP CER 1UF 25V 10% X5R 0402 AEC-Q200," 1UF",C0402,10,25V,N/A,"C12,C23,C53,C146,C166",MURATA," GRT155R61E105KE01D",REL,N/A,N/A,N/A,N/A,N/A,?,?
16,2,E021463,CAP CER 16pF 50V 2% C0G 0402," 16pF",C0402,2,50V,N/A,"C121,C124",MURATA," GJM1555C1H160GB01D",REL,N/A,N/A,N/A,N/A,N/A,?,?
18,8,E060176,CAP CER 100NF 25V 10% X5R 0402," 100NF",C0402,10,25V,N/A,"C34,C37,C126,C127,C133,C147,C149,C150",TDK," C1005X5R1E104K050BC",REL,N/A,N/A,N/A,N/A,N/A,?,?
19,2,E006154,CAP CER 47uF 6.3V 20% X5R 1206," 47uF",C1206,20,6.3V,N/A,"C128,C129",MURATA," GRM31CR60J476ME19L",REL,A004-0005-163,N/A,N/A,N/A,7003309,?,?
20,3,E042690,CAP CER 10NF 500V 20% X7R 1206," 10NF",C1206H64,20,500V,N/A,"C2,C13,C156",AVX CORPORATION," 12067C103MAT2A",REL,N/A,N/A,N/A,N/A,N/A,?,?
21,1,E042800,CAP CER 4.7NF 16V 10% X7R 0402," 4.7NF",C0402,10,16V,N/A,C135,AVX CORPORATION," 0402YC472KAT2A",REL,N/A,N/A,N/A,N/A,N/A,?,?
22,3,E057255,CAP CER 22UF 100V 20% X7R 2220 STACKED," 22UF",C2220H264,20,100V,N/A,"C4,C14,C157",MURATA," KRM55WR72A226MH01L",REL,N/A,N/A,N/A,N/A,N/A,?,?
23,1,E042671,CAP CER 10NF 16V 5% X7R 0402," 10NF",C0402,5,16V,N/A,C143,AVX CORPORATION," 0402YC103JAT2A",REL,N/A,N/A,N/A,N/A,N/A,?,?
24,2,E011821,CAP CER 47pF 50V 5% C0G 0402 AEC-Q200," 47pF",C0402,5,50V,N/A,"C144,C145",MURATA," GCM1555C1H470JA16D",REL,N/A,N/A,N/A,N/A,7003267,?,?
25,7,E047335,CAP CER 1UF 250V 10% X7T 1812 AEC-Q200," 1UF",C1812H100,10,250V,N/A,"C5,C6,C15,C16,C27,C158,C159",TDK," CGA8P3X7T2E105K250KA",REL,N/A,N/A,N/A,N/A,N/A,?,?
26,9,E033449,CAP CER 0.1uF 100V 10% X8R 1206 AEC-Q200," 0.1uF",C1206H71,10,100V,N/A,"C151,C153,C154,C199,C201,C202,C203,C205,C206",TDK," CGA5H2X8R2A104K115AE",REL,N/A,N/A,N/A,N/A,N/A,?,?
27,6,E022724,CAP CER 0.1uF 200V 10% X7R 1206," 0.1uF",C1206,10,200V,N/A,"C3,C8,C17,C19,C160,C162",KEMET," C1206C104K2RACTU",REL,N/A,N/A,N/A,N/A,N/A,?,?
28,3,E044557,CAP CER 390PF 100V 5% C0G 0603 AEC-Q200," 390PF",C0603,5,100V,N/A,"C7,C18,C161",MURATA," GCM1885C2A391JA16D",REL,N/A,N/A,N/A,N/A,N/A,?,?
29,3,E062481,CAP CER 0.1UF 10% 50V X7R 0805," 0.1UF",C0805,10,50V,N/A,"C9,C20,C163",AVX CORPORATION," 08055C104KAT2A",REL,N/A,N/A,N/A,N/A,N/A,?,?
30,15,E035987,CAP CER 0.47uF 10V 10% X7S 0402 AEC-Q200," 0.47uF",C0402,10,10V,N/A,"C61,C62,C63,C64,C65,C91,C92,C93,C94,C95,C167,C168,C169,C170,C171",MURATA," GCM155C71A474KE36D",REL,N/A,N/A,N/A,N/A,N/A,?,?
31,3,E060901,CAP CER 1UF 4V 10% X7R 0402," 1UF",C0402,10,4V,N/A,"C66,C96,C172",MURATA," GRM155R70G105KA12D",REL,N/A,N/A,N/A,N/A,N/A,?,?
33,4,E053186,CAP CER 22UF 10V 20% X5R 0402," 22UF",C0402,20,10V,N/A,"C209,C210,C211,C212",MURATA," GRM158R61A226ME15",REL,N/A,N/A,N/A,N/A,N/A,?,?
34,1,E019786,CAP CER 0.056uF 16V 0.1% X7R 0402 AEC-Q200," 0.056uF",C0402,0.1,16V,N/A,C28,MURATA," GCG155R71C563KA01D",REL,N/A,N/A,N/A,N/A,N/A,?,?
35,1,E054576,CAP CER 2.2UF 16V 10% X7S 0603," 2.2UF",C0603,10,16V,N/A,C29,MURATA," GRM188C71C225KE11D",REL,N/A,N/A,N/A,N/A,N/A,?,?
36,3,E042764,CAP CER 1NF 25V 10% X7R 0402," 1NF",C0402,10,25V,N/A,"C30,C46,C47",AVX CORPORATION," 04023C102KAT2A",REL,N/A,N/A,N/A,N/A,N/A,?,?
37,1,E034691,CAP CER 6.8uF 16V 20% X7S 0805 AEC-Q200 LOW ESR," 6.8uF",C0805H60,20,16V,N/A,C38,TDK," CGA4J1X7S1C685M125AC",REL,N/A,N/A,N/A,N/A,N/A,?,?
38,3,E061569,CAP CER 10UF 10V 20% X5R 0402," 10UF",C0402,20,10V,N/A,"C41,C45,C52",MURATA," GRM155R61A106ME11D",REL,N/A,N/A,N/A,N/A,N/A,?,?
39,2,E033835,CAP CER 0.33uF 10V 10% X5R 0402," 0.33uF",C0402,10,10V,N/A,"C43,C48",YAGEO," CC0402KRX5R6BB334",REL,N/A,N/A,N/A,N/A,N/A,?,?
40,2,E042665,CAP CER 56PF 50V 5% C0G 0603," 56PF",C0603,5,50V,N/A,"C56,C57",AVX CORPORATION," 06035A560JAT2A",REL,N/A,N/A,N/A,N/A,N/A,?,?
41,1,E061973,DIO SCHOTTKY RECTIFIER 5A 60V SMC," STPS5L60S",SMC_A,N/A,60V,N/A,D1,ST MICROELECTRONICS," STPS5L60S",REL,N/A,N/A,N/A,N/A,N/A,?,?
42,3,E010463,"DIODE ULTRAFAST PLASTIC RECTIFIER, 1A"," ES1D-E3/61T",DO214AC,N/A,200V,N/A,"D2,D3,D8",VISHAY," ES1D-E3/61T",REL,N/A,N/A,N/A,N/A,N/A,?,?
43,2,E016182,DIODE LOW VF MEGA SCHOTTKY BARR RECT," PMEG2010AEH,115",SOD123F,N/A,20V,N/A,"D4,D5",NXP SEMICONDUCTORS," PMEG2010AEH,115",REL,N/A,N/A,N/A,N/A,7004085,?,?
44,2,E044494,LED SMD YELLOW CLEAR 590NM 0603," 150060YS75000",LED0603,N/A,5V,N/A,"DS1,DS2",WURTH ELEKTRONIK," 150060YS75000",REL,N/A,N/A,N/A,N/A,N/A,?,?
45,1,E056632,LED GREEN DIFFUSED 575NM 60MCD 0603," 150060VS55040",LED0603-2,N/A,2.4V,N/A,DS3,WURTH ELEKTRONIK," 150060VS55040",REL,N/A,N/A,N/A,N/A,N/A,?,?
46,1,E017491,IND CHIP FERRITE BEAD 220OHM," 220OHM",L0805,25,N/A,N/A,E1,MURATA MANUFACTURING," BLM21PG221SN1D",REL,N/A,N/A,N/A,N/A,N/A,?,?
47,3,E005347,CONN-PCB TST PNT BLK," BLK",CNKEY5001TP,N/A,N/A,N/A,"GND1,GND3,GND4",KEYSTONE ELECTRONICS," 5001",REL,ADD_TO_STOCK1,42009JH001,N/A,N/A,6001621,?,?
48,5,E031108,CONN-PCB SOLDER TERMINAL TEST POINT TURRET 0.094" MTG. HOLE PCB 0.062 INCH THK," 2501-2-00-80-00-00-07-0",CNMILLMAX2501,N/A,N/A,N/A,"GND2,VD1,VD2,VDC2,VDP2",MILL-MAX," 2501-2-00-80-00-00-07-0",REL,N/A,N/A,N/A,N/A,N/A,?,?
49,1,E060133,IND POWER SHIELDED 1UH 20% 1MHZ 3.1A 0.060 OHM DCR 0806 AEC-Q200," 1UH",L0806H39,20,N/A,N/A,L1,TDK," TFM201610ALMA1R0MTAA",REL,N/A,N/A,N/A,N/A,N/A,?,?
50,1,E048163,IND POWER SHIELDED WIREWOUND 12UH 20% 100KHZ 5.2A 0.0258OHM 12X12MM AEC-Q200," 12UH",IND-MSS1278,20,N/A,N/A,L2,COILCRAFT INC.," MSS1278-123MLD",REL,N/A,N/A,N/A,N/A,N/A,?,?
51,3,E060765,IND POWER CHOKE SHIELDED WIREWOUND 10UH 20% 100KHZ FERRITE 1.65A 0.094OHM DCR," 10UH",LSMSQ189H161,20,N/A,N/A,"L3,L4,L5",WURTH ELEKTRONIK," 74408943100",REL,N/A,N/A,N/A,N/A,N/A,?,?
52,1,E025569,"IND SHIELDED POWER, 1A 0.210OHM DCR"," 2.2UH",L0805_A,20,N/A,N/A,L6,COILCRAFT INC.," PFL2015-222MEC",REL,N/A,N/A,N/A,N/A,N/A,?,?
53,1,E002365,IND  SM," 2000OHMS",L1206,25,N/A,N/A,L7,LAIRD TECHNOLOGIES," HZ1206C202R-10",REL,A047-0002-011,40915JH119,N/A,N/A,7005043,?,?
54,1,E035595,CONN-PCB DC JACK R/A 5.5X2.5MM," 54-00130",CNTENSILITY54-00130,N/A,N/A,N/A,P1,TENSILITY INTERNATIONAL," 54-00130",REL,N/A,N/A,N/A,N/A,N/A,?,?
55,1,E034806,CONN-PCB TERM BLOCK 5.00MM PITCH," OSTTC020162",CNOSTTC0201X2,N/A,N/A,N/A,P2,ON-SHORE TECHNOLOGY," OSTTC020162",REL,N/A,N/A,N/A,N/A,N/A,?,?
56,1,E023846,CONN-PCB MICROUSB RECEPTACLE," 47346-0001",CNMOLEX47346-0001,N/A,N/A,N/A,P5,MOLEX," 47346-0001",REL,N/A,N/A,N/A,N/A,N/A,?,?
57,1,E027502,CON-PCB IDC SHROUDED HDR 1.27MM PITCH," 3220-10-0300-00",CNSMMHDR2X5L443W201H228,N/A,N/A,N/A,P6,CNC TECH," 3220-10-0300-00",REL,N/A,N/A,N/A,N/A,N/A,?,?
58,3,E042206,TRAN MOSFET SINGLE N-CH 100V 40A 8LD TDSON EP," BSC252N10NSFGATMA1",SON8,N/A,100V,78W,"Q1,Q3,Q5",INFINEON TECHNOLOGIES," BSC252N10NSFGATMA1",REL,N/A,N/A,N/A,N/A,N/A,?,?
59,1,E027303,TRAN P-CHANNEL MOSFET," PMV65XP,215",SOT23_B,N/A,20V,N//A,Q2,NXP SEMICONDUCTORS," PMV65XP,215",REL,N/A,N/A,N/A,N/A,N/A,?,?
60,1,E061099,TRAN N-CH MOSFET 20V 7A SOT-23(TO-236AB)," PMV15UNEA",SOT23_B,N/A,20V,N/A,Q4,NEXPERIA," PMV15UNEA",REL,N/A,N/A,N/A,N/A,N/A,?,?
61,3,E063354,RES SMD 100 OHM 5% 1/2W 1210 AEC-Q200," 100",R1210,5,N/A,1/2W,"R1,R21,R112",PANASONIC," ERJP14J101U",REL,N/A,N/A,N/A,N/A,N/A,?,?
62,3,E028138,RES SMD 100 Ohm 1% 1/4W 0603 AEC-Q200 HIGH POWER PULSE PROOF," 100",R0603,1,N/A,1/4W,"R10,R32,R121",VISHAY," CRCW0603100RFKEAHP",REL,N/A,N/A,N/A,N/A,N/A,?,?
63,33,E030849,RES SMD 10K Ohm 1% 1/16W 0402 AEC-Q200," 10K",R0402,1,N/A,1/16W,"R8,R18,R30,R40,R48,R71,R78,R80,R82,R89,R91,R92,R97,R98,R99,R100,R119,R129,R133,R140,R142,R155,R157,R159,R161,R162,R163,R164,R165,R166,R167,R171,R173",VISHAY," CRCW040210K0FKED",REL,N/A,N/A,N/A,N/A,7000582,?,?
64,6,E015972,RES SMD 10 Ohm 1% 1/2W 1210 AEC-Q200 ANTI-SURGE," 10",R1210,1,N/A,1/2W,"R101,R104,R109,R147,R148,R154",PANASONIC," ERJP14F10R0U",REL,N/A,N/A,N/A,N/A,7005628,?,?
65,3,E021630,RES SMD 49.9 Ohm 1% 0.2W 0603 AEC-Q200 ANTI-SURGE," 49.9",R0603,1,N/A,1/5W,"R102,R106,R149",PANASONIC," ERJP03F49R9V",REL,N/A,N/A,N/A,N/A,N/A,?,?
66,6,E028463,RES SMD 0.025 Ohm 1% 3W 2512 AEC-Q200 CURRENT SENSE," 0.025",R2512H43,1,N/A,3W,"R103,R107,R143,R145,R150,R152",BOURNS," CRA2512-FZ-R025ELF",REL,N/A,N/A,N/A,N/A,N/A,?,?
67,2,E003782,RES SMD 1.5K Ohm 1% 1/10W 0402 AEC-Q200," 1.5K",R0402,1,N/A,1/10W,"R105,R108",PANASONIC," ERJ-2RKF1501X",REL,A003-0035-039,41816DG1293,N/A,N/A,N/A,?,?
68,10,E027148,RES SMD 0 Ohm JUMPER 1/4W 0603 AEC-Q200," 0",R0603,JUMPER,N/A,1/4W,"R7,R11,R13,R29,R33,R35,R47,R118,R122,R124",VISHAY," CRCW06030000Z0EAHP",REL,N/A,N/A,N/A,N/A,7008613,?,?
69,1,E003752,RES SMD 2K Ohm 1% 1/10W 0402 AEC-Q200," 2K",R0402,1,N/A,1/10W,R110,PANASONIC," ERJ-2RKF2001X",REL,A003-0035-005,N/A,N/A,N/A,N/A,?,?
70,1,E007345,RES SMD 2.49K Ohm 1% 1/10W 0402 AEC-Q200," 2.49K",R0402,1,N/A,1/10W,R111,PANASONIC," ERJ-2RKF2491X",REL,ADD_TO_STOCK456,N/A,N/A,N/A,7006566,?,?
71,3,E059953,RES SMD 0 OHM 1% 1/8W 0805," 0",R0805,1,N/A,1/8W,"R2,R22,R113",YAGEO," RC0805FR-070RL",REL,N/A,N/A,N/A,N/A,N/A,?,?
72,6,E003518,RES SMD 1MEG Ohm 1% 1/8W 0805 AEC-Q200," 1MEG",R0805,1,N/A,1/8W,"R3,R24,R26,R114,R156,R177",PANASONIC," ERJ-6ENF1004V",REL,A003-0027-042,41816DG387,FEC 912-219,N/A,N/A,?,?
73,2,E018659,RES SMD 22.6K Ohm 0.1% 1/8W 0805 AEC-Q200 HIGH RELIABILITY," 22.6K",R0805,0.1,N/A,1/8W,"R4,R115",PANASONIC," ERA-6AEB2262V",REL,N/A,N/A,N/A,N/A,N/A,?,?
76,3,E019711,RES SMD 105K Ohm 1% 1/10W 0603 AEC-Q200," 105K",R0603,1,N/A,1/10W,"R12,R34,R123",PANASONIC," ERJ-3EKF1053V",REL,N/A,N/A,N/A,N/A,N/A,?,?
77,3,E051318,RES SMD 0.015 OHM 1% 1W 2512 AEC-Q200," 0.015",R2512H35,1,N/A,1W,"R9,R31,R120",YAGEO," PE2512FKE070R015L",REL,N/A,N/A,N/A,N/A,N/A,?,?
78,3,E049770,RES SMD 10 OHM 1% 1/4W 0603 AEC-Q200," 10",R0603,1,N/A,1/4W,"R15,R37,R126",ROHM," ESR03EZPF10R0",REL,N/A,N/A,N/A,N/A,N/A,?,?
79,3,E048848,RES SMD 0 OHM JUMPER 2W 1225 AEC-Q200 WIDE-TERM," 0",R1225H28,N/A,N/A,2W,"R17,R39,R128",VISHAY," RCA12250000Z0EGLS",REL,N/A,N/A,N/A,N/A,N/A,?,?
80,6,E005781,RES SMD 976 Ohm 1% 1/10W 0402 AEC-Q200," 976",R0402,1,N/A,1/10W,"R41,R42,R68,R69,R130,R131",PANASONIC," ERJ-2RKF9760X",REL,A003-0035-068,41816JH1213,N/A,N/A,N/A,?,?
81,6,E019641,RES SMD 66.5K Ohm 1% 1/16W 0402 AEC-Q200," 66.5K",R0402,1,N/A,1/16W,"R70,R72,R81,R83,R132,R134",VISHAY," CRCW040266K5FKED",REL,N/A,N/A,N/A,N/A,7008236,?,?
82,3,E043037,RES SMD 34K OHM 1% 1/10W 0402 AEC-Q200," 34K",R0402,1,N/A,1/10W,"R73,R84,R135",PANASONIC," ERJ2RKF3402X",REL,N/A,N/A,N/A,N/A,N/A,?,?
83,53,E003438,RES SMD 0 Ohm JUMPER 1/10W 0402 AEC-Q200," 0",R0402,JUMPER,N/A,1/10W,"R19,R58,R74,R85,R93,R136,R146,R158,R180,R181,R182,R185,R186,R187,R188,R189,R190,R191,R192,R193,R194,R195,R196,R197,R198,R199,R200,R201,R202,R203,R204,R205,R206,R207,R208,R209,R210,R211,R212,R215,R216,R217,R218,R219,R220,R223,R224,R225,R226,R227,R228,R229,R230",PANASONIC," ERJ-2GE0R00X",REL,A003-0021-001,N/A,N/A,1138_CAB3,7000282,?,?
84,6,E065385,"RES SMD 12 OHM 1% 1/10W 0402, AEC-Q200"," 12",R0402,1,N/A,1/10W,"R75,R76,R86,R87,R137,R138",PANASONIC," ERJ-2RKF12R0X",REL,N/A,N/A,N/A,N/A,N/A,?,?
85,6,E032108,RES SMD 1.78K Ohm 1% 1/10W 0402 AEC-Q200," 1.78K",R0402,1,N/A,1/10W,"R77,R79,R88,R90,R139,R141",PANASONIC," ERJ-2RKF1781X",REL,ADD_TO_STOCK,N/A,N/A,N/A,N/A,?,?
86,2,E018575,RES SMD 29.4K Ohm 1% 1/8W 0805 AEC-Q200," 29.4K",R0805,1,N/A,1/8W,"R160,R172",PANASONIC," ERJ-6ENF2942V",REL,N/A,N/A,N/A,N/A,7007038,?,?
88,2,E056811,RES SMD 261 OHM 1% 1/10W 0603 AEC-Q200," 261",R0603,1,N/A,1/10W,"R20,R237",PANASONIC," ERJ-3EKF2610V",REL,N/A,N/A,N/A,N/A,N/A,?,?
89,1,E042902,RES SMD 221K OHM 1% 1/8W 0805 AEC-Q200," 221K",R0805,1,N/A,1/8W,R23,PANASONIC," ERJ-6ENF2213V",REL,N/A,N/A,N/A,N/A,N/A,?,?
90,2,E049923,RES SMD 1K OHM 1% 1/16W 0402 AEC-Q200," 1K",R0402,1,N/A,1/16W,"R61,R236",VISHAY," CRCW04021K00FKED",REL,N/A,N/A,N/A,N/A,N/A,?,?
91,1,E018107,RES SMD 21K Ohm 1% 1/8W 0805 AEC-Q200," 21K",R0805,1,N/A,1/8W,R25,PANASONIC," ERJ-6ENF2102V",REL,ADD_TO_STOCK,N/A,N/A,N/A,7006769,?,?
93,2,E004033,RES SMD 200K Ohm 1% 1/10W 0402 AEC-Q200," 200K",R0402,1,N/A,1/10W,"R43,R44",PANASONIC," ERJ-2RKF2003X",REL,A003-0035-064,N/A,N/A,1617_CAB3,7006691,?,?
94,2,E003758,RES SMD 499 Ohm 1% 1/10W 0402 AEC-Q200," 499",R0402,1,N/A,1/10W,"R45,R46",PANASONIC," ERJ-2RKF4990X",REL,A003-0035-012,N/A,N/A,750_CAB3,N/A,?,?
95,1,E026198,RES SMD 51.1K Ohm 1% 1/10W 0603 AEC-Q200," 51.1K",R0603,1,N/A,1/10W,R49,PANASONIC," ERJ-3EKF5112V",REL,N/A,N/A,N/A,N/A,N/A,?,?
96,2,E015342,RES SMD 49.9K Ohm 1% 1/10W 0603 AEC-Q200," 49.9K",R0603,1,N/A,1/10W,"R50,R51",PANASONIC," ERJ-3EKF4992V",REL,N/A,N/A,N/A,N/A,7007774,?,?
97,2,E061732,RES SMD 1MEG OHM 1% 1/4W 0603 AEC-Q200," 1MEG",R0603,1,N/A,1/4W,"R52,R94",PANASONIC," ERJ-UP3F1004V",REL,N/A,N/A,N/A,N/A,N/A,?,?
98,2,E027660,RES SMD 453K Ohm 1% 1/10W 0402 AEC-Q200," 453K",R0402,1,N/A,1/10W,"R53,R54",PANASONIC," ERJ-2RKF4533X",REL,N/A,N/A,N/A,N/A,N/A,?,?
99,2,E004901,RES SMD 49.9K Ohm 1% 1/10W 0402 AEC-Q200," 49.9K",R0402,1,N/A,1/10W,"R55,R56",PANASONIC," ERJ-2RKF4992X",REL,A003-0035-067,N/A,N/A,N/A,7007776,?,?
100,1,E031929,RES SMD 4.75 Ohm 1% 1/16W 0402 AEC-Q200," 4.75",R0402,1,N/A,1/16W,R57,VISHAY," CRCW04024R75FNED",REL,N/A,N/A,N/A,N/A,N/A,?,?
101,1,E042750,RES SMD 130K OHM 5% 1/10W 0603 AEC-Q200," 130K",R0603,5,N/A,1/10W,R59,PANASONIC," ERJ-3GEYJ134V",REL,N/A,N/A,N/A,N/A,N/A,?,?
102,1,E030453,RES SMD 24.9K Ohm 1% 1/10W 0603 AEC-Q200," 24.9K",R0603,1,N/A,1/10W,R60,PANASONIC," ERJ-3EKF2492V",REL,N/A,N/A,N/A,N/A,N/A,?,?
103,2,E042730,RES SMD 4.7K OHM 5% 1/10W 0402 AEC-Q200," 4.7K",R0402,5,N/A,1/10W,"R62,R63",PANASONIC," ERJ-2GEJ472X",REL,N/A,N/A,N/A,N/A,N/A,?,?
104,1,E003957,RES SMD 15K Ohm 0.1% 1/10W 0603 AEC-Q200 HIGH RELIABILITY," 15K",R0603,0.1,N/A,1/10W,R64,PANASONIC," ERA-3AEB153V",REL,N/A,N/A,N/A,N/A,7001064,?,?
105,1,E041595,RES SMD 182K Ohm 0.1% 1/10W 0603 AEC-Q200 HIGH RELIABILITY," 182K",R0603,0.1,N/A,1/10W,R65,PANASONIC," ERA-3AEB1823V",REL,N/A,N/A,N/A,N/A,N/A,?,?
106,1,E056715,RES SMD 54.9K OHM 1% 1/10W 0603 AEC-Q200," 54.9K",R0603,1,N/A,1/10,R66,PANASONIC," ERJ-3EKF5492V",REL,N/A,N/A,N/A,N/A,N/A,?,?
107,1,E003726,RES SMD 4.99K Ohm 1% 1/10W 0603 AEC-Q200," 4.99K",R0603,1,N/A,1/10W,R67,PANASONIC," ERJ-3EKF4991V",REL,A003-0032-086,41816DG744,N/A,N/A,7007555,?,?
108,2,E059283,RES SMD 27 OHM 0.5% 1/16W 0402 AEC-Q200," 27",R0402,0.5,N/A,1/16W,"R95,R96",PANASONIC," ERA2AKD270X",REL,N/A,N/A,N/A,N/A,N/A,?,?
109,1,E039231,SWITCH TACTILE SPST-NO 0.02A 15V," EVQ-Q2K03W",SWPANASONIC_EVQ,N/A,N/A,N/A,S3,PANASONIC," EVQ-Q2K03W",REL,N/A,N/A,N/A,N/A,N/A,?,?
110,3,E038312 A,IC-ADI FAST 150V PROTECTED HIGH SIDE NMOS STATIC SWITCH DRIVER," LTC7000IMSE#TRPBF",MSOP16_PAD2_845X1_651,N/A,N/A,?,"U1,U2,U25",ANALOG DEVICES," LTC7000IMSE#TRPBF",REL,N/A,N/A,N/A,N/A,N/A,?,?
111,1,E030330,"IC-LIN DUAL 1.3A, 1.2MHZ BOOST INVERTER"," LT3471EDD#PBF",QFN10_3X3_PAD2_38X1_64,N/A,N/A,?,U10,LINEAR TECHNOLOGY," LT3471EDD#PBF",REL,N/A,N/A,N/A,N/A,N/A,?,?
112,3,E035588,"IC-ADI 18-BIT MULTI-SPAN OUT, SINGLE/DUAL/QUAF SPI DAC PRELIM"," AD3552RBCPZ16",QFN32_5X5_PAD3_6X3_6,N/A,N/A,?,"U12,U16,U26",ANALOG DEVICES," AD3552RBCPZ16",RWC,N/A,N/A,ADD_TO_STOCK,N/A,N/A,?,?
113,3,E058062,"IC-ADI ULTRALOW NOISE, HIGH ACCURACY VOLTAGE REFERENCES"," ADR4525CRZ",SO8,N/A,N/A,?,"U13,U17,U27",ANALOG DEVICES," ADR4525CRZ",REL,N/A,N/A,N/A,N/A,N/A,?,?
114,6,E013447,IC-ADI ICMOS SPST SWITCHES," ADG1401BCPZ",DFN8_2X3_PAD1_65X1_80,N/A,N/A,?,"U14,U15,U18,U19,U28,U29",ANALOG DEVICES," ADG1401BCPZ-REEL7",REL,N/A,N/A,N/A,N/A,1003146,?,?
115,1,E057155,IC-ADI LOW-POWER ARM CORTEX-M4 WITH FPU-BASED MICROCONTROLLER WITH BLUETOOTH 5 FOR WEARABLES," MAX32666GXMBT+",BGA121H41,N/A,N/A,?,U20,ANALOG DEVICES," MAX32666GXMBT+",REL,N/A,N/A,N/A,N/A,N/A,?,?
116,1,E059110,IC-ADI DUAL HIGH SPEEED DIFFERENTIAL ESD PROTECTION," MAX3207EAUT+",SOT23_6,N/A,N/A,?,U21,ANALOG DEVICES," MAX3207EAUT+",REL,N/A,N/A,N/A,N/A,N/A,?,?
117,1,E021292,IC USB TO FULL HANDSHAKE UART," FT231XS-R",SSOP20-3,N/A,N/A,?,U22,FTDI CHIP," FT231XS-R",REL,N/A,N/A,N/A,N/A,N/A,?,?
118,3,E045536,IC-ADI DUAL WIDE RANGE POWER MONITOR," LTC2992HDE#PBF",DFN16_4X3_PAD3_3X1_7,N/A,N/A,?,"U23,U30,U31",ANALOG DEVICES," LTC2992HDE#PBF",REL,N/A,N/A,N/A,N/A,N/A,?,?
119,1,E062656,IC-ADI LOW COST ANALOG TEMPERATURE SENSOR SWITCHES," MAX6516UKP075+",SOT23-5L-2,N/A,N/A,?,U24,ANALOG DEVICES," MAX6516UKP075+",REL,N/A,N/A,N/A,N/A,N/A,?,?
120,1,E022886,"IC-ADI 6.5V, 2A, ULTRA-LOW NOISE, HIGH PSRR, FAST TRANSIENT RESPONSE CMOS LDO, 5VOUT"," ADM7172ACPZ-5.0",DFN8_3X3_PAD2_44X1_6_A,N/A,N/A,?,U3,ANALOG DEVICES," ADM7172ACPZ-5.0-R7",REL,N/A,N/A,N/A,N/A,N/A,?,?
121,2,E041293,"IC-ADI 20V, 200MA, ULTRALOW NOISE, ULTRAHIGH PSRR RF LINEAR REGULATOR"," LT3042IMSE#TRPBF",MSOP10_PAD1_88X1_68,N/A,N/A,?,"U4,U5",ANALOG DEVICES," LT3042IMSE#TRPBF",REL,N/A,N/A,N/A,N/A,N/A,?,?
122,1,E060682,"IC-ADI 4.5V-60V, 2A, HIGH-EFFICIENCY, SYNCHRONOUS STEP-DOWN DC-DC CONVERTER WITH INTERNAL COMPENSATION"," MAX17643ATC+",DFN12_3X3_PAD2_5X1_7,N/A,N/A,?,U6,ANALOG DEVICES," MAX17643ATC+",REL,N/A,N/A,N/A,N/A,N/A,?,?
123,1,E022590,"IC-ADI ULTRA LOW NOISE, HIGH PSRR, FAST TRANSIENT RESPONSE CMOS LDO"," ADM7170ACPZ-3.3",DFN8_3X3_PAD2_38X1_64,N/A,N/A,?,U7,ANALOG DEVICES," ADM7170ACPZ-3.3-R7",REL,N/A,N/A,N/A,N/A,N/A,?,?
124,1,E022558,"IC-ADI ULTRA LOW NOISE, HIGH PSRR, FAST TRANSIENT RESPONSE CMOS LDO"," ADM7170ACPZ-1.8",DFN8_3X3_PAD2_38X1_64,N/A,N/A,?,U8,ANALOG DEVICES," ADM7170ACPZ-1.8-R7",REL,N/A,N/A,N/A,N/A,N/A,?,?
125,1,E018417,"IC-ADI 800MA, ULTRA LOW NOISE HIGH PSRR, RF LIN-REG 5.0V-OUT"," ADM7150ACPZ-5.0-R7",DFN8_3X3_PAD2_38X1_64,N/A,N/A,?,U9,ANALOG DEVICES," ADM7150ACPZ-5.0-R7",REL,N/A,N/A,N/A,N/A,N/A,?,?
126,2,E056050,"CONN-PCB TEST POINT, GREEN"," 5121",CNKEY5005-9TP,N/A,N/A,N/A,"VDC1,VDP1",KEYSTONE," 5121",REL,N/A,N/A,N/A,N/A,N/A,?,?
127,2,E029026,"CONN-PCB TEST POINT, ORANGE"," ORG",CNKEY5001TP,N/A,N/A,N/A,"VG1,VG2",KEYSTONE," 5003",REL,N/A,N/A,N/A,N/A,N/A,?,?
128,2,E016321,CONN-PCB TEST POINT YELLOW," YEL",CNKEY5001TP,N/A,N/A,N/A,"VGC1,VGP1",KEYSTONE ELECTRONICS," 5004",REL,N/A,N/A,N/A,N/A,6001623,?,?
129,2,E016323,CONN-PCB TEST POINT RED," RED",CNKEY5001TP,N/A,N/A,N/A,"VGC2,VGP2",KEYSTONE ELECTRONICS," 5000",REL,N/A,N/A,N/A,N/A,6001620,?,?
130,1,E058951,IC CRYSTAL 32MEGHZ -/+12PPM 12PF," 32MEGHZ",YSML98W79H26,10ppm,N/A,N/A,Y1,EPSON TOYOCOM," FA-20H 32.0000MF12Y-W3",REL,N/A,N/A,N/A,N/A,N/A,?,?
131,1,E050683,IC XTAL 32.7680KHZ 12.5PF 20PPM SMD," 32.7680KHZ",YSML126W59H35,20PPM,N/A,N/A,Y2,"ECS, INC."," ECS-.327-12.5-34S-TR",REL,N/A,N/A,N/A,N/A,N/A,?,?

Callouts File:C:\tmp\20_079905d\worklib\02_079905d_top\bom\mechanical.callouts
Mechanical Parts
ITEM#,Qty,WW_PN,DESCRIPTION," VALUE",JEDEC_TYPE,TOL,VOLTAGE,WATTAGE,LOCATION,MFG," MFG_PN",HLM_STATUS,STOCKROOM_WL,STOCKROOM_GT,STOCKROOM_LK,STOCKROOM_GBO,STOCKROOM_NSH,CUSTOM_PART,DNI
2,1,M064755,"HEATSINK, 8.5X8.5X8MM ASSORTED ALUMINUM ALLOY TOP MOUNT"," ?",N/A,?,?,?,?,ASSMANN WSW COMPONENTS INC.," V2016B",REL,N/A,N/A,N/A,N/A,N/A,?,?
3,1,M064749,"TAPE, ADHESIVE TRANSFER ACRYLITIC, 200MP ADHESIVE CLEAR 25.4MM X 4.6M"," ?",N/A,?,?,?,?,3M," 1-5-468MP",REL,N/A,N/A,N/A,N/A,N/A,?,?


The following components are part of the PCB or are NOT to be installed
ITEM#,Qty,WW_PN,DESCRIPTION," VALUE",JEDEC_TYPE,TOL,VOLTAGE,WATTAGE,LOCATION,MFG," MFG_PN",HLM_STATUS,STOCKROOM_WL,STOCKROOM_GT,STOCKROOM_LK,STOCKROOM_GBO,STOCKROOM_NSH,CUSTOM_PART,DNI
 7,3,E054542,CAP CER 1UF 25V 10% X5R 0402 AEC-Q200," 1UF",C0402,10,25V,N/A,"C10,C21,C164",MURATA," GRT155R61E105KE01D",REL,N/A,N/A,N/A,N/A,N/A,?,DNI
 12,3,E042764,CAP CER 1NF 25V 10% X7R 0402," 1NF",C0402,10,25V,N/A,"C11,C22,C165",AVX CORPORATION," 04023C102KAT2A",REL,N/A,N/A,N/A,N/A,N/A,?,DNI
 14,6,E042801,CAP CER 10PF 16V 10% C0G 0402," 10PF",C0402,10,16V,N/A,"C85,C86,C115,C116,C191,C192",AVX CORPORATION," 0402YA100KAT2A",REL,N/A,N/A,N/A,N/A,N/A,?,DNI
 17,2,E056342,CAP CER 1UF 10V 10% X7R 0402," 1UF",C0402,10,10V,N/A,"C122,C123",MURATA," GRM155Z71A105KE01D",REL,N/A,N/A,N/A,N/A,N/A,?,DNI
 32,6,E029817,CAP TBD 0603 0805 1206 AND 1210 COMBO PLEASE USE SYM_3 AND/OR SYM_4," 10uF",C0603_0805_1206_1210,N/A,N/A,N/A,"C54,C60,C197,C198,C207,C208",N/A," TBD",REL,N/A,N/A,N/A,N/A,N/A,?,DNI
 74,9,E003438,RES SMD 0 Ohm JUMPER 1/10W 0402 AEC-Q200," 0",R0402,JUMPER,N/A,1/10W,"R5,R14,R16,R27,R38,R116,R125,R127,R144",PANASONIC," ERJ-2GE0R00X",REL,A003-0021-001,N/A,N/A,1138_CAB3,7000282,?,DNI
 75,3,E003464,RES SMD 100K Ohm 5% 1/10W 0402 AEC-Q200," 100K",R0402,5,N/A,1/10W,"R6,R28,R117",PANASONIC," ERJ-2GEJ104X",REL,N/A,N/A,N/A,N/A,7005773,?,DNI
 87,5,E030849,RES SMD 10K Ohm 1% 1/16W 0402 AEC-Q200," 10K",R0402,1,N/A,1/16W,"R174,R175,R176,R178,R179",VISHAY," CRCW040210K0FKED",REL,N/A,N/A,N/A,N/A,7000582,?,DNI
 92,1,E059953,RES SMD 0 OHM 1% 1/8W 0805," 0",R0805,1,N/A,1/8W,R36,YAGEO," RC0805FR-070RL",REL,N/A,N/A,N/A,N/A,N/A,?,DNI

