TITLE: Bill of Materials
BOM NO: 05-084908-01-b.csv
DATE: 06/25/2025
DESIGN: 02_084908b_top
TEMPLATE: Z:\allegro\v174_site\cdssetup\template.bom
CALLOUT: 

ITEM#,Qty,WW_PN,DESCRIPTION," VALUE",JEDEC_TYPE,TOL,VOLTAGE,WATTAGE,LOCATION,MFG," MFG_PN",HLM_STATUS,STOCKROOM_WL,STOCKROOM_GT,STOCKROOM_LK,STOCKROOM_GBO,STOCKROOM_NSH,CUSTOM_PART,DNI
1,1,08_084908b,PCB,?,?,?,?,?,?,Analog Devices Supplied,08_084908b,N/A,?,?,?,?,?,?,?
2,3,E022721,CAP CER 0.1uF 25V 10% X5R 0201," 0.1uF",C0201,10,25V,N/A,"C1,C57,C58",MURATA," GRM033R61E104KE14D",REL,N/A,N/A,N/A,N/A,N/A,CUSTOM_PART,?
3,6,E056990,CAP CER 0.01UF 50V 10% X7R 0402," 0.01UF",C0402,10,50V,N/A,"C7,C8,C9,C10,C13,C14",KEMET," C0402C103K5RAC7867",REL,N/A,N/A,N/A,N/A,N/A,CUSTOM_PART,?
4,7,E025707,CAP CER 10uF 16V 20% X7R 0805," 10uF",C0805H53,20,16V,N/A,"C5,C11,C12,C15,C16,C21,C61",TAIYO YUDEN," EMK212BB7106MG-T",REL,N/A,N/A,N/A,N/A,N/A,?,?
5,4,E056754,CAP CER 0.22UF 35V 10% X7R 0402 AEC-Q200," 0.22UF",C0402,10,35V,N/A,"C2,C6,C17,C18",TDK," CGA2B1X7R1V224K050BC",REL,N/A,N/A,N/A,N/A,N/A,?,?
6,7,E025798,CAP CER 0.1uF 25V 10% X7R 0402," 0.1uF",C0402,10,25V,N/A,"C3,C4,C19,C20,C23,C59,C62",MURATA," GRM155R71E104KE14D",REL,N/A,N/A,N/A,N/A,N/A,?,?
7,1,E018153,CAP CER 220pF 50V 5% X7R 0402," 220pF",C0402,5,50V,N/A,C22,KEMET," C0402C221J5RACTU",REL,N/A,N/A,N/A,N/A,7002873,?,?
8,1,E000265,CAP CER 22pF 50V 5% C0G 0402," 22pF",C0402,5,50V,N/A,C24,PHYCOMP (YAGEO)," 0402CG220J9B200",REL,A004-0011-016,40302JH302,N/A,N/A,7002906,CUSTOM_PART,?
10,2,E033448,CAP CER 0.01uF 50V 5% X7R 0402," 0.01uF",C0402H22,5,50V,N/A,"C29,C52",KEMET," C0402C103J5RACTU",REL,N/A,N/A,N/A,N/A,N/A,CUSTOM_PART,?
11,2,E028141,CAP CER 0.1uF 16V 10% X7R 0402 AEC-Q200," 0.1uF",C0402,10,16V,N/A,"C30,C53",MURATA," GCM155R71C104KA55D",REL,N/A,N/A,N/A,N/A,N/A,CUSTOM_PART,?
12,3,E011561,CAP CER 1uF 6.3V 10% X5R 0402," 1uF",C0402,10,6.3V,N/A,"C39,C44,C64",AVX," 04026D105KAT2A",REL,N/A,N/A,N/A,N/A,7002749,?,?
13,2,E020723,CAP CER 10uF 10V 10% X5R 0603 LOW ESR," 10uF",C0603,10,10V,N/A,"C40,C45",TDK," C1608X5R1A106K080AC",REL,N/A,N/A,N/A,N/A,N/A,CUSTOM_PART,?
15,4,E021512,CAP CER 22uF 6.3V 20% X5R 0603 LOW ESR," 22uF",C0603,20,6.3V,N/A,"C42,C43,C47,C48",TDK," C1608X5R0J226M080AC",REL,N/A,N/A,N/A,N/A,N/A,CUSTOM_PART,?
16,1,E006647,CAP CER 27pF 50V 5% C0G 0402," 27pF",C0402,5,50V,N/A,C49,MURATA," GRM1555C1H270JA01D",REL,A004-0011-068,N/A,N/A,1385_CAB3,7002990,CUSTOM_PART,?
17,1,E011557,CAP CER 0.047uF 16V 10% X5R 0402," 0.047uF",C0402,10,16V,N/A,C60,AVX," 0402YD473KAT2A",REL,N/A,N/A,N/A,144_BIN2-2F,7002046,CUSTOM_PART,?
18,5,E025745,CAP CER 22uF 25V 10% X7R 1210," 22uF",C1210H106,10,25V,N/A,"C63,C66,C67,C70,C71",SAMSUNG," CL32B226KAJNNNE",REL,N/A,N/A,N/A,N/A,N/A,?,?
19,1,E021938,CAP CER 4.7pF 50V 0.05pF C0G 0402," 4.7pF",C0402,0.05pF,50V,N/A,C65,MURATA," GJM1555C1H4R7WB01D",REL,N/A,N/A,N/A,N/A,N/A,?,?
20,2,E026591,CAP CER 1uF 25V 10% X7R 0603," 1uF",C0603,10,25V,N/A,"C68,C69",WURTH ELEKTRONIK," 885012206076",REL,N/A,N/A,N/A,N/A,N/A,?,?
21,1,E029804,"LED UNI-COLOR GREEN, 574NM"," APHHS1005CGCK",LED0402_A,N/A,2.1V,0.1025W,DS1,KINGBRIGHT," APHHS1005CGCK",REL,N/A,N/A,N/A,N/A,N/A,?,?
22,1,E062172,DIO LED UNI-COLOR RED 635NM 100MCD," 5988A10107F",LED0402-2,N/A,2.3V,N/A,DS2,DIALIGHT," 5988A10107F",REL,N/A,N/A,N/A,N/A,N/A,?,?
23,2,E041034,CONN-PCB COAXIAL RA PLUG HOUSING," 59S2AQ-40MT5-Z_1",CNROSE59S2AQ-40MT5,N/A,335V,N/A,"J1,J2",ROSENBERGER," 59S2AQ-40MT5-Z_1",REL,N/A,N/A,N/A,N/A,N/A,?,?
25,2,E003438,RES SMD 0 Ohm JUMPER 1/10W 0402 AEC-Q200," 0",R0402,JUMPER,N/A,1/10W,"JP2,JP4",PANASONIC," ERJ-2GE0R00X",REL,A003-0021-001,N/A,N/A,1138_CAB3,N/A,?,?
26,4,E025526,"IND SHIELDED POWER, 1.3A, 0.1OHM DCR"," 0.47UH",L7144,20,N/A,N/A,"L1,L2,L3,L4",COILCRAFT INC.," PFL1609-471MEW",REL,N/A,N/A,N/A,N/A,N/A,?,?
27,2,E062668,IND POWER SHIELDED WIREWOUND 22UH 20% 100KHZ 1.9A 0.158OHM DCR AEC-Q200," 22UH",LSMSQ240H126,20,N/A,N/A,"L6,L10",COILCRAFT INC.," MSS6132T-223MLC",REL,N/A,N/A,N/A,N/A,N/A,?,?
28,2,E048282,"IND POWER SHIELDED 0.33UH 4.3A 0.031OHM DCR 1MHZ 20% 0806, AEC-Q200"," 0.33UH",L0806H39,20,N/A,N/A,"L17,L18",TDK," TFM201610ALMAR33MTAA",REL,N/A,N/A,N/A,N/A,N/A,?,?
29,1,E046119,IND POWER SHIELDED WIREWOUND 1.5UH 20% 1MHZ 11.1A 0.0143OHM 1515 AEC-Q200," 1.5UH",LSMSQ157H83_CC,20,N/A,N/A,L20,COILCRAFT INC.," XGL4020-152MEC",REL,N/A,N/A,N/A,N/A,N/A,?,?
30,2,E062669,IND POWER CHOKE WIREWOUND 6.8UH 20% 100KHZ 1.36A 0.24OHM DCR AEC-Q200," 6.8UH",L1210H118,20,N/A,N/A,"L5,L9",COILCRAFT INC.," 1210POC-682MRC",REL,N/A,N/A,N/A,N/A,N/A,?,?
31,1,E055749,MOD USB 2.0 TYPE-C RA," 12402012E212A",M12402012E212A,N/A,N/A,N/A,M1,AMPHENOL," 12402012E212A",REL,N/A,N/A,N/A,N/A,N/A,?,?
32,2,E069342,CONN-PCB 22POS FFC/FPC BOTTOM 0.5MM RIGHT ANGLE," F305-1A7H1-21022-E100",CNAMPF305-1X7H1-21022,N/A,50V,N/A,"P1,P2",AMPHENOL FCI," F305-1A7H1-21022-E100",REL,N/A,N/A,N/A,N/A,N/A,?,?
34,1,E003686,RES SMD 402 Ohm 1% 1/10W 0603 AEC-Q200," 402",R0603,1,N/A,1/10W,R1,PANASONIC," ERJ-3EKF4020V",REL,A003-0032-021,41816JH387,N/A,N/A,7007588,?,?
35,1,E017609,RES SMD 32.4K Ohm 1% 1/10W 0402 AEC-Q200," 32.4K",R0402,1,N/A,1/10W,R10,PANASONIC," ERJ-2RKF3242X",REL,N/A,N/A,N/A,N/A,7001305,?,?
36,1,E014436,RES SMD 68.1K Ohm 1% 1/10W 0402 AEC-Q200," 68.1K",R0402,1,N/A,1/10W,R11,PANASONIC," ERJ-2RKF6812X",REL,N/A,N/A,N/A,N/A,7001711,?,?
37,3,E003751,RES SMD 10K Ohm 1% 1/10W 0402 AEC-Q200," 10K",R0402,1,N/A,1/10W,"R3,R12,R13",PANASONIC," ERJ-2RKF1002X",REL,A003-0035-004,41816DG719,N/A,N/A,7000582,?,?
38,2,E025813,RES SMD 100K Ohm 0.1% 1/16W 0402 AEC-Q200 HIGH RELIABILITY," 100K",R0402,0.1,N/A,1/16W,"R14,R18",PANASONIC," ERA-2AEB104X",REL,N/A,N/A,N/A,N/A,N/A,?,?
40,2,E026825,RES SMD 10 Ohm 0.1% 1W 0805 HIGH POWER," 10",R0805H20,0.1,N/A,1W,"R16,R19",VISHAY," PCAN0805E10R0BST5",REL,N/A,N/A,N/A,N/A,N/A,?,?
41,1,E060925,RES SMD 140K OHM 0.1% 1/10W 0402," 140K",R0402,0.1,N/A,1/10W,R17,TE CONNECTIVITY," RP73PF1E140KBTD",REL,N/A,N/A,N/A,N/A,N/A,?,?
42,3,E003750,RES SMD 49.9 Ohm 1% 1/10W 0402 AEC-Q200," 49.9",R0402,1,N/A,1/10W,"R2,R7,R9",PANASONIC," ERJ-2RKF49R9X",REL,A003-0035-003,41816DG208,N/A,1023_CAB3,7007757,?,?
43,1,E055991,RES SMD 47.5K OHM 0.1% 1/10W 0402," 47.5K",R0402,0.1,N/A,1/10W,R20,VISHAY," TNPW040247K5BEED",REL,N/A,N/A,N/A,N/A,N/A,?,?
44,1,E048482,RES SMD 18.2K OHM 0.1% 1/16W 0402," 18.2K",R0402,0.1,N/A,1/16W,R21,YAGEO," RT0402BRD0718K2L",REL,N/A,N/A,N/A,N/A,N/A,?,?
45,1,E020520,RES SMD 20 Ohm 1% 1/10W 0402 AEC-Q200," 20",R0402,1,N/A,1/10W,R22,PANASONIC," ERJ-2RKF20R0X",REL,N/A,N/A,N/A,N/A,N/A,?,?
46,2,E058368,RES SMD 1MEG OHM 5% 1/16W 0402 AEC-Q200," 1MEG",R0402,5,N/A,1/16W,"R23,R24",YAGEO," AA0402JR-071ML",REL,N/A,N/A,N/A,N/A,N/A,?,?
47,2,E040337,RES SMD 4.7K Ohm 1% 1/20W 0201," 4.7K",R0201,1,NAV,1/20W,"R25,R26",PANASONIC," ERJ-1GNF4701C",REL,N/A,N/A,N/A,N/A,N/A,?,?
49,1,E003782,RES SMD 1.5K Ohm 1% 1/10W 0402 AEC-Q200," 1.5K",R0402,1,N/A,1/10W,R29,PANASONIC," ERJ-2RKF1501X",REL,A003-0035-039,41816DG1293,N/A,N/A,N/A,?,?
50,2,E025323,RES SMD 5.1K Ohm 5% 1/10W 0402 AEC-Q200," 5.1K",R0402,5,N/A,1/10W,"R30,R31",PANASONIC," ERJ-2GEJ512X",REL,N/A,N/A,N/A,N/A,N/A,?,?
51,1,E019640,RES SMD 10K Ohm 5% 1/16W 0402 AEC-Q200," 10K",R0402,5,N/A,1/16W,R32,VISHAY," CRCW040210K0JNED",REL,N/A,N/A,N/A,N/A,7000280,?,?
52,1,E006346,RES SMD 80.6K Ohm 1% 1/10W 0402 AEC-Q200," 80.6K",R0402,1,N/A,1/10W,R33,PANASONIC," ERJ-2RKF8062X",REL,N/A,41816JH1209,N/A,N/A,7008418,?,?
53,1,E017563,RES SMD 20.5K Ohm 1% 1/10W 0402 AEC-Q200," 20.5K",R0402,1,N/A,1/10W,R34,PANASONIC," ERJ-2RKF2052X",REL,N/A,N/A,N/A,1345_CAB3,7006659,?,?
55,2,E003438,RES SMD 0 Ohm JUMPER 1/10W 0402 AEC-Q200," 0",R0402,JUMPER,N/A,1/10W,"R37,R39",PANASONIC," ERJ-2GE0R00X",REL,A003-0021-001,N/A,N/A,1138_CAB3,7000282,?,?
56,1,E026586,RES SMD 287K Ohm 1% 1/10W 0603," 287K",R0603,1,N/A,1/10W,R38,YAGEO," RC0603FR-07287KL",REL,N/A,N/A,N/A,N/A,N/A,?,?
57,4,E030325,RES SMD 5.1K Ohm 1% 1/10W 0603 AEC-Q200," 5.1K",R0603,1,N/A,1/10W,"R4,R5,R6,R8",PANASONIC," ERJ-3EKF5101V",REL,N/A,N/A,N/A,N/A,N/A,?,?
58,1,E032237,RES SMD 47.5K Ohm 1% 1/10W 0603 AEC-Q200," 47.5K",R0603,1,N/A,1/10W,R40,VISHAY," CRCW060347K5FKEA",REL,N/A,N/A,N/A,N/A,7000409,?,?
59,1,E066367,RES SMD 90.9K OHM 1% 1/4W 1206 AEC-Q200," 90.9K",R1206,1,N/A,1/4W,R41,VISHAY," CRCW120690K9FKEA",REL,N/A,N/A,N/A,N/A,N/A,?,?
60,1,E022397,SWITCH MINIATURE SLIDE SPDT," 1101M2S3CQE2",SWTHL500W260H511,N/A,N/A,N/A,S1,C&AMP;K COMPONENTS," 1101M2S3CQE2",REL,N/A,N/A,N/A,N/A,N/A,?,?
61,1,E030401,"IC-ADI LOW VOLTAGE CMOS, DUAL SPDT/2:1 MUX"," ADG824BCPZ",QFN10_1_6X1_3,N/A,N/A,?,U1,ANALOG DEVICES," ADG824BCPZ-REEL7",REL,N/A,N/A,N/A,N/A,N/A,?,?
62,2,E059734,"IC-ADI 5V, 2A SYNCNHRONOUS STEP DOWN REGULATOR"," LTC3303ARUCM#TRPBF",QFN12_2X2_05-08-7072,N/A,N/A,?,"U2,U3",ANALOG DEVICES," LTC3303ARUCM#TRPBF",REL,N/A,N/A,N/A,N/A,N/A,?,?
63,1,E067556,"IC-ADI DUAL GMSL2 TO CSI-2 DESERIALIZER, AEC-Q100"," MAX96716AGTM/VY+",QFN48_7X7_PAD5_5X5_5,N/A,N/A,?,U4,ANALOG DEVICES," MAX96716AGTM/VY+",REL,N/A,N/A,N/A,N/A,N/A,?,?
64,1,E058249,IC LEVEL TRANSLATING I2C-BUS/SMBUS REPEATER," PCA9509GM,125",QFN8_1_6X1_6H20,N/A,N/A,?,U5,NXP SEMICONDUCTORS," PCA9509GM,125",REL,N/A,N/A,N/A,N/A,N/A,?,?
65,1,E054755,IC I2C PORT EXPANDER WITH EIGHT PUSH-PULL OUTPUTS," MAX7320ATE+T",QFN16_3X3_PAD1_1X1_1,N/A,N/A,?,U7,MAXIM INTEGRATED," MAX7320ATE+T",REL,N/A,N/A,N/A,N/A,N/A,?,?
66,1,E021475,IC TWO-INPUT OR GATE," NC7SZ32M5X",SOT23-5L-2,N/A,N/A,?,U8,FAIRCHILD SEMICONDUCTOR," NC7SZ32M5X",REL,N/A,N/A,N/A,N/A,N/A,?,?
67,1,E061415,"IC-ADI 28V, 5A LOW IQ SYNCHRONOUS STEP-UP SILENT SWITCHER WITH PASSTHRU"," LT8337JV-1#PBF",QFN16_3X3_PAD1_43X1_43_05-08-1798,N/A,N/A,?,U9,ANALOG DEVICES," LT8337JV-1#PBF",REL,N/A,N/A,N/A,N/A,N/A,?,?
68,1,E041019,IC CRYSTAL 18PF LOAD CAP AUTOMOTIVE," 25MEGHZ",YSML126W98H31,30PPM,N/A,N/A,Y1,"ECS, INC."," ECS-250-18-33Q-DS",REL,N/A,N/A,N/A,N/A,N/A,?,?


The following components are part of the PCB or are NOT to be installed
ITEM#,Qty,WW_PN,DESCRIPTION," VALUE",JEDEC_TYPE,TOL,VOLTAGE,WATTAGE,LOCATION,MFG," MFG_PN",HLM_STATUS,STOCKROOM_WL,STOCKROOM_GT,STOCKROOM_LK,STOCKROOM_GBO,STOCKROOM_NSH,CUSTOM_PART,DNI
 9,1,E021938,CAP CER 4.7pF 50V 0.05pF C0G 0402," 4.7pF",C0402,0.05pF,50V,N/A,C25,MURATA," GJM1555C1H4R7WB01D",REL,N/A,N/A,N/A,N/A,N/A,?,DNI
 14,2,E007982,CAP CER 10pF 50V 5% C0G 0402," 10pF",C0402,5,50V,N/A,"C41,C46",YAGEO," CC0402JRNPO9BN100",REL,A004-0011-015,N/A,N/A,146_BIN2-6A,7002459,CUSTOM_PART,DNI
 24,2,E003438,RES SMD 0 Ohm JUMPER 1/10W 0402 AEC-Q200," 0",R0402,JUMPER,N/A,1/10W,"JP1,JP3",PANASONIC," ERJ-2GE0R00X",REL,A003-0021-001,N/A,N/A,1138_CAB3,N/A,?,DNI
 33,1,E072268,"CONN-PCB 6POS FEMALE HDR, ELEVATED SOCKET DUAL ROW ST, 4.57MM SOLDER TAIL, 2.54MM PITCH"," ESW-103-44-G-D",CNTHFHDR2X3L320W195H740,N/A,N/A,N/A,P5,SAMTEC INC.," ESW-103-44-G-D",REL,N/A,N/A,N/A,N/A,N/A,?,DNI
 39,1,E032237,RES SMD 47.5K Ohm 1% 1/10W 0603 AEC-Q200," 47.5K",R0603,1,N/A,1/10W,R15,VISHAY," CRCW060347K5FKEA",REL,N/A,N/A,N/A,N/A,7000409,?,DNI
 48,2,E040337,RES SMD 4.7K Ohm 1% 1/20W 0201," 4.7K",R0201,1,NAV,1/20W,"R27,R28",PANASONIC," ERJ-1GNF4701C",REL,N/A,N/A,N/A,N/A,N/A,?,DNI
 54,2,E003751,RES SMD 10K Ohm 1% 1/10W 0402 AEC-Q200," 10K",R0402,1,N/A,1/10W,"R35,R36",PANASONIC," ERJ-2RKF1002X",REL,A003-0035-004,41816DG719,N/A,N/A,7000582,?,DNI

