TITLE: Bill of Materials
BOM NO: 05-068253-01-b.csv
DATE: 02/20/2023
DESIGN: 02_068253b_top
TEMPLATE: Z:\allegro\v174_site\cdssetup\template.bom
CALLOUT: C:\tmp\20_068253b\worklib\02_068253b_top\bom\057486.callouts

ITEM#,Qty,WW_PN,DESCRIPTION," VALUE",JEDEC_TYPE,TOL,VOLTAGE,WATTAGE,LOCATION,MFG," MFG_PN",HLM_STATUS,STOCKROOM_WL,STOCKROOM_GT,STOCKROOM_LK,STOCKROOM_GBO,STOCKROOM_NSH,CUSTOM_PART,DNI
1,1,08-068253b,PCB,?,?,?,?,?,?,Analog Devices Supplied,08-068253b,N/A,?,?,?,?,?,?,?
2,1,E005287,IC-ADI GENERAL PUR. CMOS RAIL-RAIL AMP," AD8541ARTZ",SOT23-M12,N/A,N/A,?,A1,ANALOG DEVICES," AD8541ARTZ",REL,A999-8541-001,40901JH755,N/A,N/A,1002639,?,?
3,4,E039141,"IC-ADI 16BIT, 15MSPS UMODULE DATA ACQUISITION SOLUTION, PRELIM, ADI USE ONLY"," ADAQ23876BBCZ",BGA100_9X9,N/A,N/A,?,"A1A,A1B,A1C,A1D",ANALOG DEVICES," ADAQ23876BBCZ",RWC,N/A,N/A,N/A,N/A,N/A,?,?
4,4,E017201,"IC-ADI HI-PERFORMANCE, 145MHZ FASTFET OPAMP"," AD8065ARZ",SO8,N/A,N/A,?,"A1E,A1F,A2E,A2F",ADI," AD8065ARZ",REL,N/A,N/A,N/A,N/A,1002341,?,?
5,12,E030106,CAP CER 1uF 50V 10% X7R 0603 LOW ESR," 1uF",C0603,10,50V,N/A,"C1,C1I,C1L,C1M,C1N,C2M,C4L,C5L,C6E,C6F,C12,C13","CAPAX TECHNOLOGIES, INC."," 0603X105K500SNT",REL,N/A,N/A,N/A,N/A,N/A,?,?
6,6,E046242,"CAP CER 0.47UF 10V 10% X7R 0402, AUTOMOTIVE, LOW ESR"," 0.47UF",C0402,10,10V,N/A,"C5E,C5F,C10E,C10F,C11E,C11F",TDK," CGA2B3X7S1A474K050BB",REL,N/A,N/A,N/A,N/A,N/A,?,?
7,18,E007204,CAP CER 0.1uF 25V 10% X8R 0603," 0.1uF",C0603,10,25V,N/A,"C6,C7,C8,C9,C11,C18,C19,C21,C22,C23,C24,C25,C26,C27,C28,C29,C30,C31",TDK," C1608X8R1E104K080AA",REL,A004-0012-070,40302DG460,N/A,N/A,7002123,?,?
8,4,E010811,CAP CER 20pF 250V 2% C0G 0603 ULTRA LOW ESR," 20pF",C0603,2,250V,N/A,"C12E,C12F,C13E,C13F",JOHANSON TECHNOLOGY," 251R14S200GV4T",REL,N/A,N/A,N/A,N/A,7002834,?,?
9,3,E011865,CAP CER 0.1uF 50V 10% X7R 0603," 0.1uF",C0603,10,50V,N/A,"C1J,C4J,C14",AVX," 06035C104KAT2A",REL,A004-0012-032,N/A,N/A,1285_CAB3,N/A,?,?
10,8,E019488,CAP CER 0.1uF 35V 10% X7R 0402 AEC-Q200 LOW ESR," 0.1uF",C0402,10,35V,N/A,"C14E,C14F,C15E,C15F,C16E,C16F,C17E,C17F",TDK," CGA2B3X7R1V104K050BB",REL,N/A,N/A,N/A,N/A,N/A,?,?
11,1,E021852,CAP CER 0.01uF 50V 10% X7R 0402," 0.01uF",C0402,10,50V,N/A,C15,MURATA," GRM155R71H103KA88D",REL,N/A,N/A,N/A,N/A,N/A,?,?
12,1,E015576,CAP CER 0.1uF 50V 5% X7R 0805," 0.1uF",C0805,5,50V,N/A,C16,KEMET," C0805C104J5RACTU",REL,N/A,ADD_TO_STOCK,N/A,N/A,7002164,?,?
13,14,E030255,CAP CER 10uF 6.3V 20% X7R 0603," 10uF",C0603,20,6.3V,N/A,"C2L,C3A,C3B,C3C,C3D,C3G,C3L,C4A,C4B,C4C,C4D,C5K,C6K,C17",SAMSUNG," CL10B106MQ8NRNC",REL,N/A,N/A,N/A,N/A,N/A,?,?
14,14,E028468,CAP CER 4.7uF 50V 10% X7R 0805," 4.7uF",C0805H53,10,50V,N/A,"C1H,C2H,C2J,C3J,C18E,C18F,C19E,C19F,C20E,C20F,C21E,C21F,C36,C40",MURATA," GRM21BZ71H475KE15L",REL,N/A,N/A,N/A,N/A,N/A,?,?
16,2,E011765,CAP CER 1uF 50V 10% X7R 1210," 1uF",C1210,10,50V,N/A,"C1G,C2G",AVX," 12105C105KAT2A",REL,N/A,N/A,N/A,N/A,7002737,?,?
17,2,E014704,CAP CER 10uF 25V 10% X5R 0805," 10uF",C0805H60,10,25V,N/A,"C1K,C2K",MURATA," GRM21BR61E106KA73L",REL,N/A,N/A,N/A,N/A,7002498,?,?
18,2,E011567,CAP CER 0.1uF 6.3V 10% X5R 0201," 0.1uF",C0201,10,6.3V,N/A,"C2,C3",MURATA," GRM033R60J104KE19D",REL,N/A,40302JH901,N/A,1646_CAB3,N/A,?,?
19,1,E032077,CAP CER 0.047uF 6.3V 10% X7R 0402," 0.047uF",C0402,10,6.3V,N/A,C20,MURATA," GRM155R70J473KA01W",REL,N/A,N/A,N/A,N/A,N/A,?,?
20,4,E028445,CAP CER 47pF 50V 2% C0G 0402," 47pF",C0402,2,50V,N/A,"C22E,C22F,C23E,C23F",MURATA," GJM1555C1H470GB01",REL,N/A,N/A,N/A,N/A,N/A,?,?
21,9,E030256,CAP CER 4.7uF 6.3V 10% X7R 0603," 4.7uF",C0603,10,6.3V,N/A,"C2N,C5A,C5B,C5C,C5D,C6A,C6B,C6C,C6D",SAMSUNG," CL10B475KQ8NQNC",REL,N/A,N/A,N/A,N/A,7009912,?,?
22,6,E028140,CAP CER 1uF 10V 10% X7S 0402 AEC-Q200," 1uF",C0402,10,10V,N/A,"C32,C33,C37,C38,C39,C43",MURATA," GCM155C71A105KE38D",REL,N/A,N/A,N/A,N/A,N/A,?,?
24,2,E048331,CAP CER 0.1UF 50V 10% X7R 0402 AEC-Q200," 0.1UF",C0402,10,50V,N/A,"C35,C42",MURATA," GCM155R71H104KE02D",REL,N/A,N/A,N/A,N/A,N/A,?,?
25,1,E019684,CAP CER 47uF 16V 20% X5R 1206 LOW ESR," 47uF",C1206H71,20,16V,N/A,C3H,TDK," C3216X5R1C476M160AB",REL,N/A,N/A,N/A,N/A,7003286,?,?
26,2,E046235,"CAP CER 10NF 25V 10% X7R 0402, AUTOMOTIVE, LOW ESR"," 10NF",C0402,10,25V,N/A,"C3K,C4K",TDK," CGA2B2X7R1E103K050BA",REL,N/A,N/A,N/A,N/A,N/A,?,?
27,2,E020928,CAP CER 10uF 10V 20% X5R 0402," 10uF",C0402,20,10V,N/A,"C4,C5",SAMSUNG," CL05A106MP5NUNC",REL,N/A,N/A,N/A,N/A,N/A,?,?
28,1,E020621,CAP CER 1uF 35V 10% X7R 0603 LOW ESR," 1uF",C0603,10,35V,N/A,C41,TDK," C1608X7R1V105K080AC",REL,N/A,N/A,N/A,N/A,N/A,?,?
29,2,E033384,CAP CER 27pF 50V 5% C0G 0402 AEC-Q200," 27pF",C0402,5,50V,N/A,"C44,C45",TAIYO YUDEN," UMK105CG270JVHF",REL,N/A,N/A,N/A,N/A,N/A,?,?
30,1,E006166,CAP CER 10uF 16V 10% X5R 0805," 10uF",C0805H53,10,16V,N/A,C4G,MURATA," GRM21BR61C106KE15L",REL,A004-0008-060,N/A,N/A,1447_CAB3,N/A,?,?
31,1,E025745,CAP CER 22uF 25V 10% X7R 1210," 22uF",C1210H106,10,25V,N/A,C4H,SAMSUNG," CL32B226KAJNNNE",REL,N/A,N/A,N/A,N/A,N/A,?,?
32,6,E023214,CAP CER 10uF 10V 10% X7R 0805," 10uF",C0805H53,10,10V,N/A,"C5H,C5J,C6H,C6J,C7H,C8H",SAMSUNG," CL21B106KPQNNNE",REL,N/A,N/A,N/A,N/A,N/A,?,?
33,6,E025798,CAP CER 0.1uF 25V 10% X7R 0402," 0.1uF",C0402,10,25V,N/A,"C7E,C7F,C8E,C8F,C9E,C9F",MURATA," GRM155R71E104KE14D",REL,N/A,N/A,N/A,N/A,N/A,?,?
34,1,E005318,LED GREEN SURFACE MOUNT," SML-LXT0805GW-TR",LXT0805,N/A,N/A,N/A,DS1,LUMEX," SML-LXT0805GW-TR",REL,A002-0004-029,40402JH149,N/A,N/A,N/A,?,?
35,2,E019415,LED LOW CURRENT (RED)," SML-P11VTT86",LED0402,N/A,N/A,0.050W,"DS2,DS3",ROHM," SML-P11VTT86R",REL,N/A,N/A,N/A,N/A,N/A,?,?
36,1,E030348,"IND CHIP FERRITE BEAD, 0.050 OHM DCR MAX,  2.2A"," 220OHM AT 100MEGHZ",L0603,25,N/A,N/A,E1,MURATA," BLM18KG221SN1D",REL,N/A,N/A,N/A,N/A,N/A,?,?
37,1,E027036,"IND CHIP FERRITE BEAD, 0.3A 0.7OHM DCR"," 600OHM AT 100MEGHZ",L0402,25,N/A,N/A,E2,MURATA," BLM15HG601SN1D",REL,N/A,N/A,N/A,N/A,N/A,?,?
38,4,E054835,"IND POWER CHIP SHIELDED 1UH 20% 100MHZ 0.36A 0.25 OHM, AEC-Q200"," 1UH",L0603,20,N/A,N/A,"L1E,L1F,L2E,L2F",MURATA," LQM18PH1R0MFRL",REL,N/A,N/A,N/A,N/A,N/A,?,?
39,1,E055749,MOD USB 2.0 TYPE-C RA," 12402012E212A",M12402012E212A,N/A,N/A,N/A,M1,AMPHENOL," 12402012E212A",REL,N/A,N/A,N/A,N/A,N/A,?,?
41,1,E011383,"CONN-PCB SGNL-END ARRAY MALE 160POS, FOR KITT RF APPLICATION USE ALTERNATE SYMBOL"," ASP-134604-01",CNSAMTECASP-134604-01,N/A,N/A,N/A,P2,SAMTEC," ASP-134604-01",NON-PREF,A012-0003-205,NA,NA,N/A,6001264,?,?
42,1,E056352,CONN-PCB 200POS FEMALE HIGH DENSITY EDGE RATE 0.635MM PITCH," ADF6-50-03.5-L-4-2-A-TR",CNSMFHDR4X50L1436W197H147,N/A,N/A,N/A,P3,SAMTEC INC.," ADF6-50-03.5-L-4-2-A-TR",REL,N/A,N/A,N/A,N/A,N/A,?,?
43,2,E017268,CONN-PCB BERG JMPR ST MALE 2P," 69157-102HLF",CNBERG69157-102,N/A,N/A,N/A,"P4,P5",AMPHENOL FCI," 69157-102HLF",REL,N/A,N/A,N/A,N/A,6001730,?,?
44,3,E014068,RES SMD 14.3K Ohm 1% 1/20W 0201," 14.3K",R0201,1,N/A,1/20W,"R1,R3,R11",PANASONIC," ERJ-1GNF1432C",REL,N/A,N/A,N/A,1408_CAB3,7006137,?,?
45,29,E025226,RES SMD 0 Ohm JUMPER 1/16W 0402 AEC-Q200," 0",R0402,JUMPER,N/A,1/16W,"R1K,R1M,R1N,R2J,R2K,R3A,R3B,R3C,R3D,R3I,R4G,R4J,R5G,R5H,R5J,R5L,R6H,R6J,R6L,R10,R13,R17,R30,R32,R33,R34,R35,R36,R37","STACKPOLE ELECTRONICS, INC."," RMCF0402ZT0R00",REL,N/A,N/A,N/A,N/A,7001149,?,?
46,8,E004011,RES SMD 10K Ohm 1% 1/20W 0201," 10K",R0201,1,N/A,1/20W,"R2,R4,R5,R8,R12,R15,R20,R21",PANASONIC," ERJ-1GNF1002C",REL,A003-0081-004,N/A,N/A,N/A,7005859,?,?
48,1,E039731,RES SMD 68.1K Ohm 1% 1/20W 0201 AEC-Q200," 68.1K",R0201,1,N/A,1/20W,R16,"KOA SPEER ELECTRONICS, INC."," RK73H1HTTC6812F",REL,N/A,N/A,N/A,N/A,N/A,?,?
49,1,E026475,RES SMD 43K Ohm 1% 1/20W 0201," 43K",R0201,1,N/A,1/20W,R19,PANASONIC," ERJ-1GNF4302C",REL,N/A,N/A,N/A,N/A,N/A,?,?
50,11,E019641,RES SMD 66.5K Ohm 1% 1/16W 0402 AEC-Q200," 66.5K",R0402,1,N/A,1/16W,"R1E,R1F,R2E,R2F,R3E,R3F,R4E,R4F,R5E,R5F,R23",VISHAY," CRCW040266K5FKED",REL,N/A,N/A,N/A,N/A,7008236,?,?
51,1,E028287,RES SMD 17.8K Ohm 1% 1/10W 0402 AEC-Q200," 17.8K",R0402,1,N/A,1/10W,R1G,PANASONIC," ERJ-2RKF1782X",REL,N/A,N/A,N/A,N/A,N/A,?,?
52,2,E042642,RES SMD 73.2K OHM 0.1% 1/16W 0402 AEC-Q200," 73.2K",R0402,0.1,N/A,1/16W,"R1H,R2H",PANASONIC," ERA-2AEB7322X",REL,N/A,N/A,N/A,N/A,N/A,?,?
53,1,E033962,RES SMD 23.7K Ohm 0.1% 1/8W 0603 AEC-Q200 SULFUR RESISTANT," 23.7K",R0603,0.1,N/A,1/8W,R1I,VISHAY," TNPW060323K7BEEN",REL,N/A,N/A,N/A,N/A,N/A,?,?
54,2,E015615,RES SMD 120K Ohm 1% 1/10W 0402 AEC-Q200," 120K",R0402,1,N/A,1/10W,"R1J,R3J",PANASONIC," ERJ-2RKF1203X",REL,N/A,N/A,N/A,N/A,7006037,?,?
55,2,E003796,RES SMD 100K Ohm 1% 1/10W 0402 AEC-Q200," 100K",R0402,1,N/A,1/10W,"R1L,R3L",PANASONIC," ERJ-2RKF1003X",REL,A003-0035-053,41816DG575,N/A,1422_CAB3,N/A,?,?
56,1,E003300,RES SMD 140 Ohm 1% 1/4W 1206 AEC-Q200," 140",R1206,1,N/A,1/4W,R22,PANASONIC," ERJ-8ENF1400V",REL,A003-0018-134,41816JH1263,N/A,N/A,7006145,?,?
57,5,E003464,RES SMD 100K Ohm 5% 1/10W 0402 AEC-Q200," 100K",R0402,5,N/A,1/10W,"R24,R25,R26,R27,R29",PANASONIC," ERJ-2GEJ104X",REL,N/A,N/A,N/A,N/A,7005773,?,?
58,1,E004234,RES SMD 39K Ohm 1% 1/16W 0603," 39K",R0603,1,N/A,1/16W,R28,MULTICOMP (SPC)," MC 0.063W 0603 1% 39K.",REL,ADD_TO_STOCK_181,N/A,911-422,N/A,7007447,?,?
59,1,E030956,RES SMD 42.2K Ohm 1% 1/10W 0603," 42.2K",R0603,1,N/A,1/10W,R2G,YAGEO," RC0603FR-0742K2L",REL,N/A,N/A,N/A,N/A,N/A,?,?
60,1,E022441,RES SMD 100K Ohm 1% 1/4W 0603 AEC-Q200 ANTI-SURGE," 100K",R0603,1,N/A,1/4W,R2I,PANASONIC," ERJ-PA3F1003V",REL,N/A,N/A,N/A,N/A,N/A,?,?
61,2,E021508,RES SMD 11K Ohm 0.1% 1/10W 0603 AEC-Q200 HIGH RELIABILITY," 11K",R0603,0.1,N/A,1/10W,"R2LL,R4LL",PANASONIC," ERA-3AEB113V",REL,N/A,N/A,N/A,N/A,N/A,?,?
62,2,E003455,RES SMD 150 Ohm 5% 1/10W 0402 AEC-Q200," 150",R0402,5,N/A,1/10W,"R38,R47",PANASONIC," ERJ-2GEJ151X",REL,A003-0021-019,N/A,N/A,N/A,7006196,?,?
63,2,E026957,RES SMD 49.9K Ohm 1% 1/16W 0402," 49.9K",R0402,1,N/A,1/16W,"R39,R42",YAGEO," RC0402FR-0749K9L",REL,N/A,N/A,N/A,N/A,N/A,?,?
64,1,E029492,RES SMD 21.5K Ohm 1% 1/10W 0603 AEC-Q200," 21.5K",R0603,1,N/A,1/10W,R3G,PANASONIC," ERJ-3EKF2152V",REL,N/A,N/A,N/A,N/A,7000640,?,?
65,1,E043142,RES SMD 165K OHM 1% 1/10W 0603 AEC-Q200," 165K",R0603,1,N/A,1/10W,R3H,PANASONIC," ERJ-3EKF1653V",REL,N/A,N/A,N/A,N/A,N/A,?,?
66,1,E029210,RES SMD 1.33K Ohm 1% 1/16W 0402," 1.33K",R0402,1,N/A,1/16W,R40,BOURNS," CRT0402-FZ-1331GLF",REL,N/A,N/A,N/A,N/A,N/A,?,?
68,4,E030383,RES SMD 2.15K Ohm 1% 1/10W 0402 AEC-Q200," 2.15K",R0402,1,N/A,1/10W,"R43,R44,R45,R46",PANASONIC," ERJ-2RKF2151X",REL,N/A,N/A,N/A,N/A,N/A,?,?
69,8,E003443,RES SMD 100 Ohm 5% 1/10W 0402 AEC-Q200," 100",R0402,5,N/A,1/10W,"R4A,R4B,R4C,R4D,R5A,R5B,R5C,R5D",PANASONIC," ERJ-2GEJ101X",REL,N/A,41816JH1183,N/A,N/A,N/A,?,?
70,1,E010278,RES SMD 178K Ohm 1% 1/10W 0603 AEC-Q200," 178K",R0603,1,50V,1/10W,R4H,PANASONIC," ERJ-3EKF1783V",REL,A003-0032-126,41816JH1480,N/A,N/A,7006332,?,?
71,6,E007919,RES SMD 100K Ohm 1% 1/20W 0201," 100K",R0201,1,N/A,1/20W,"R50,R51,R52,R53,R54,R55",PANASONIC," ERJ-1GNF1003C",REL,N/A,41816JH1375,N/A,N/A,7005763,?,?
72,1,E038126,RES SMD 33.2K Ohm 1% 1/20W 0201," 33.2K",R0201,1,N/A,1/20W,R6,YAGEO," RC0201FR-0733K2L",REL,N/A,N/A,N/A,N/A,N/A,?,?
73,4,E003750,RES SMD 49.9 Ohm 1% 1/10W 0402 AEC-Q200," 49.9",R0402,1,N/A,1/10W,"R6E,R6F,R7E,R7F",PANASONIC," ERJ-2RKF49R9X",REL,A003-0035-003,41816DG208,N/A,1023_CAB3,7007757,?,?
74,1,E023701,RES SMD 1.1K Ohm 1% 1/20W 0201," 1.1K",R0201,1,30V,1/20W,R7,VISHAY," CRCW02011K10FKED",REL,N/A,N/A,N/A,N/A,N/A,?,?
75,4,E021894,RES SMD 330 Ohm 1% 1/16W 0402 AEC-Q200," 330",R0402,1,N/A,1/16W,"R8E,R8F,R9E,R9F",VISHAY," CRCW0402330RFKED",REL,N/A,N/A,N/A,N/A,N/A,?,?
76,5,E005347,CONN-PCB TST PNT BLK," BLK",CNKEY5001TP,N/A,N/A,N/A,"TP1,TP1A,TP1B,TP1C,TP1D",KEYSTONE ELECTRONICS," 5001",REL,ADD_TO_STOCK1,42009JH001,N/A,N/A,6001621,?,?
78,1,E018349,IC 2KBIT SER I2C BUS EEPROM 1.8V TO 5.5V," M24C02-RMN6TP",SO8,N/A,N/A,?,U1,STMICROELECTRONICS," M24C02-RMN6TP",REL,N/A,N/A,N/A,N/A,1004917,?,?
79,2,E039895,IC LOW VOL DUAL SUPPLY 4BIT XLATOR," FXL4TD245UMX",QFN16_2_6X1_8_A,N/A,N/A,?,"U10,U12",ONSEMI," FXL4TD245UMX",REL,N/A,N/A,N/A,N/A,N/A,?,?
80,1,E060026,IC 8BIT 100MB/S CONFIGURABLE DUAL-SUPPLY LEVEL TRANSLATOR," NLSX3018MUTAG",UDFN20_4X2,N/A,N/A,?,U11,ONSEMI," NLSX3018MUTAG",REL,N/A,N/A,N/A,N/A,N/A,?,?
81,1,E045058,IC STANDALONE USB TYPE-C AND USB POWER DELIVERY CONTROLLER," MAX77958EWV+",WLCSP30H27,N/A,N/A,?,U13,MAXIM INTEGRATED," MAX77958EWV+",REL,N/A,N/A,N/A,N/A,N/A,?,?
82,1,E055745,IC CURRENT LIMIT SWITCH WITH LOW POWER MODE," MAX20333ENL+",WLCSP15H20,N/A,N/A,?,U14,MAXIM INTEGRATED," MAX20333ENL+",REL,N/A,N/A,N/A,N/A,N/A,?,?
83,2,E035588,"IC-ADI 18-BIT MULTI-SPAN OUT, SINGLE/DUAL/QUAF SPI DAC PRELIM"," AD3552RBCPZ16",QFN32_5X5_PAD3_6X3_6,N/A,N/A,?,"U1E,U1F",ANALOG DEVICES," AD3552RBCPZ16",RWC,N/A,N/A,ADD_TO_STOCK,N/A,N/A,?,?
84,1,E042132,"IC-ADI DUAL 1.4A, SINGLE 2.8 STEP-DOWN SILENT SWITCHER UMODULE REGULATOR"," LTM8078EY#PBF",BGA49,N/A,N/A,?,U1G,ANALOG DEVICES," LTM8078EY#PBF",REL,N/A,N/A,N/A,N/A,N/A,?,?
85,1,E031121,IC-LIN DUAL SEPIC OR INVERTING UMODULE DC/DC CONVERTER," LTM8049IY#PBF",BGA77H103,N/A,N/A,?,U1H,LINEAR TECHNOLOGY," LTM8049IY#PBF",REL,N/A,N/A,N/A,N/A,N/A,?,?
86,1,E055821,"IC-ADI 40VIN, 1.2A SILENT SWITCHER UMODULE REGULATOR"," LTM8074IY#PBF",BGA25_4X4,N/A,N/A,?,U1I,ANALOG DEVICES," LTM8074IY#PBF",REL,N/A,N/A,N/A,N/A,N/A,?,?
87,1,E045186,"IC-ADI 20V, 500MA, ULTRALOW NOISE, ULTRAHIGH PSRR LINEAR REGULATOR WITH VIOC CONTROL"," LT3045IMSE-1#PBF",MSOP12_PAD2_845X1_651,N/A,N/A,?,U1J,ANALOG DEVICES," LT3045IMSE-1#PBF",REL,N/A,N/A,N/A,N/A,N/A,?,?
88,1,E034209,"IC-LIN POS/NEG LOW NOISE LDO REG, 5VOUT"," LT3032IDE-5#PBF",DFN14_4X3_PAD1_78X1_65_PAD1_07X1_65,N/A,N/A,?,U1K,LINEAR TECHNOLOGY," LT3032IDE-5#PBF",REL,N/A,N/A,N/A,N/A,N/A,?,?
89,1,E013298,IC-ADI ADJ HI PSRR VOLTAGE REGULATOR," ADP223ACPZ",QFN8_2X2_PAD1_6X1,N/A,N/A,?,U1L,ANALOG DEVICES," ADP223ACPZ-R7",REL,N/A,N/A,N/A,N/A,1003765,?,?
90,1,E029214,"ICA-ADI LOW QUIESCENT CURRENT, CMOS LINEAR REGULATOR, 1.8VOUT"," ADP122ACPZ-1.8-R7",DFN6_2X2_PAD1_6X1,N/A,N/A,?,U1M,ANALOG DEVICES," ADP122ACPZ-1.8-R7",REL,N/A,N/A,N/A,N/A,N/A,?,?
91,1,E021632,IC-ADI CMOS LOW QUIESCENT CURRENT," ADP124ARHZ-2.5",MSOP8_PAD2_16X1_73,N/A,N/A,?,U1N,ANALOG DEVICES," ADP124ARHZ-2.5-R7",REL,N/A,N/A,N/A,N/A,N/A,?,?
92,1,E017361,IC-ADI 8-CH I2C 12BIT SAR ADC," AD7291BCPZ",QFN20_4X4_PAD2_6X2_6,N/A,N/A,?,U2,ADI," AD7291BCPZ",REL,N/A,N/A,N/A,N/A,N/A,?,?
93,1,E035175,"IC-ADI -20V, 0.5A ULTRALOW NOISE, ULTRA HIGH PSSR NEGATIVE LINEAR REGULATOR"," LT3094EMSE#PBF",MSOP12_PAD2_845X1_651,N/A,N/A,?,U2J,ANALOG DEVICES," LT3094EMSE#PBF",REL,N/A,N/A,N/A,N/A,N/A,?,?
94,1,E052524,IC TRANSLATOR BI-DIRECTIONAL 2-CH 10LD MICROPAK," FXL2T245L10X",QFN10_2_1X1_6,N/A,3.6V,?,U3,ONSEMI," FXL2T245L10X",REL,N/A,N/A,N/A,N/A,N/A,?,?
95,2,E060023,"IC-TTL 8-BIT DUAL SUPPLY BUS TRANSCEIVER WITH CONFIGURABLE VOLTAGE LEVEL SHIFTING, TRI-STATE OUTPUTS, AND BUS-HOLD CIRCUITRY"," SN74AXCH8T245RHLR",QFN24_5_5X3_5_PAD4_05X2_05,N/A,N/A,?,"U5,U8",TEXAS INSTRUMENTS," SN74AXCH8T245RHLR",REL,N/A,N/A,N/A,N/A,N/A,?,?
96,1,E016680,"IC-ADI ULTRA LOW NOISE, HIGH ACCURACY VREF"," ADR4525BRZ",SO8,N/A,N/A,?,U6,ADI," ADR4525BRZ",REL,N/A,N/A,N/A,N/A,N/A,?,?
97,1,E032394,"IC-ADI 0.25PPM NOISE, LOW DRIFT PRECISION REFERENCES, 2.048VOUT"," LTC6655BHMS8-2.048#PBF",MSOP8,N/A,N/A,?,U7,ANALOG DEVICES," LTC6655BHMS8-2.048#PBF",REL,N/A,N/A,N/A,N/A,N/A,?,?
98,1,E055254,"IC 4-WIRE-INTERFACED, 2.5V TO 5.5V, 20-PORT I/O EXPANDER"," MAX7301ATL+",QFN40_6X6_PAD4_1X4_1,N/A,N/A,?,U9,MAXIM INTEGRATED," MAX7301ATL+",REL,N/A,N/A,N/A,N/A,N/A,?,?

Callouts File:C:\tmp\20_068253b\worklib\02_068253b_top\bom\057486.callouts
Mechanical Parts
ITEM#,Qty,WW_PN,DESCRIPTION," VALUE",JEDEC_TYPE,TOL,VOLTAGE,WATTAGE,LOCATION,MFG," MFG_PN",HLM_STATUS,STOCKROOM_WL,STOCKROOM_GT,STOCKROOM_LK,STOCKROOM_GBO,STOCKROOM_NSH,CUSTOM_PART,DNI
2,2,M029337,"JUMPER OPEN TOP, 2.54MM CONTACT CENTER, BLACK"," ?",N/A,?,?,?,?,SULLINS," QPC02SXGN-RC",REL,N/A,N/A,N/A,N/A,N/A,?,?


The following components are part of the PCB or are NOT to be installed
ITEM#,Qty,WW_PN,DESCRIPTION," VALUE",JEDEC_TYPE,TOL,VOLTAGE,WATTAGE,LOCATION,MFG," MFG_PN",HLM_STATUS,STOCKROOM_WL,STOCKROOM_GT,STOCKROOM_LK,STOCKROOM_GBO,STOCKROOM_NSH,CUSTOM_PART,DNI
 15,16,E046242,"CAP CER 0.47UF 10V 10% X7R 0402, AUTOMOTIVE, LOW ESR"," 0.47UF",C0402,10,10V,N/A,"C1A,C1B,C1C,C1D,C1E,C1F,C2A,C2B,C2C,C2D,C2E,C2F,C3E,C3F,C4E,C4F",TDK," CGA2B3X7S1A474K050BB",REL,N/A,N/A,N/A,N/A,N/A,?,DNI
 23,1,E048331,CAP CER 0.1UF 50V 10% X7R 0402 AEC-Q200," 0.1UF",C0402,10,50V,N/A,C34,MURATA," GCM155R71H104KE02D",REL,N/A,N/A,N/A,N/A,N/A,?,DNI
 40,1,E030958,"CONN-PCB HDR MALE ST, 2.54MM PITCH, 5.84 POST HEIGHT, 3.05MM SOLDER TAIL"," PREC004SAAN-RC",CNTHMHDR1X4L400W100H336,N/A,N/A,N/A,P1,SULLINS," PBC04SAAN",REL,N/A,N/A,N/A,N/A,N/A,?,DNI
 47,12,E025226,RES SMD 0 Ohm JUMPER 1/16W 0402 AEC-Q200," 0",R0402,JUMPER,N/A,1/16W,"R1A,R1B,R1C,R1D,R2A,R2B,R2C,R2D,R9,R14,R18,R31","STACKPOLE ELECTRONICS, INC."," RMCF0402ZT0R00",REL,N/A,N/A,N/A,N/A,7001149,?,DNI
 67,3,E025232,RES SMD 0 Ohm JUMPER 1/16W 0402," 0",R0402,JUMPER,N/A,1/16W,"R41,R48,R49",YAGEO," RC0402JR-070RL",REL,N/A,N/A,N/A,N/A,7008627,?,DNI
 77,19,E005347,CONN-PCB TST PNT BLK," BLK",CNKEY5001TP,N/A,N/A,N/A,"TP1E,TP1F,TP1G,TP1H,TP1I,TP1J,TP1K,TP1L,TP1M,TP1N,TP2,TP2E,TP2F,TP2G,TP2H,TP2J,TP2K,TP2L,TP3",KEYSTONE ELECTRONICS," 5001",REL,ADD_TO_STOCK1,42009JH001,N/A,N/A,6001621,?,DNI

