TITLE: Bill of Materials
BOM NO: 05-068279-01-b.csv
DATE: 12/05/2022
DESIGN: 02_068279b_top
TEMPLATE: Z:\allegro\v174_site\cdssetup\template.bom
CALLOUT: C:\tmp\20_068279b\worklib\02_068279b_top\bom\MECHANICAL.callouts

ITEM#,Qty,WW_PN,DESCRIPTION," VALUE",JEDEC_TYPE,TOL,VOLTAGE,WATTAGE,LOCATION,MFG," MFG_PN",HLM_STATUS,STOCKROOM_WL,STOCKROOM_GT,STOCKROOM_LK,STOCKROOM_GBO,STOCKROOM_NSH,CUSTOM_PART,DNI
1,1,08_068279b,PCB,?,?,?,?,?,?,Analog Devices Supplied,08_068279b,N/A,?,?,?,?,?,?,?
2,5,E031108,CONN-PCB SOLDER TERMINAL TURRETS," 2501-2-00-80-00-00-07-0",CNMILLMAX2501,N/A,N/A,N/A,"+6.8V,-1V,3.3V,EXTPWR,GND",MILL-MAX," 2501-2-00-80-00-00-07-0",REL,N/A,N/A,N/A,N/A,N/A,?,?
4,3,E026591,CAP CER 1uF 25V 10% X7R 0603," 1uF",C0603,10,25V,N/A,"C1,C10,C12",WURTH ELEKTRONIK," 885012206076",REL,N/A,N/A,N/A,N/A,N/A,?,?
5,13,E025752,CAP CER 4.7uF 25V 10% X7R 0805 LOW ESR," 4.7uF",C0805H53,10,25V,N/A,"C4,C5,C11,C16,C19,C20,C21,C22,C23,C24,C25,C26,C67",TDK," C2012X7R1E475K125AB",REL,N/A,N/A,N/A,N/A,N/A,?,?
6,1,E057338,CAP CER 1UF 25V 10% X7R 1206," 1UF",C1206,10,25V,N/A,C13,WURTH ELEKTRONIK," 885012208064",REL,N/A,N/A,N/A,N/A,N/A,?,?
7,15,E048108,CAP CER 10UF 50V 10% X7R 1210," 10UF",C1210H110,10,50V,N/A,"C3,C9,C14,C17,C18,C27,C28,C29,C30,C32,C46,C47,C48,C52,C68",WURTH ELEKTRONIK," 885012209073",REL,N/A,N/A,N/A,N/A,N/A,?,?
8,2,E057339,CAP CER 10PF 5% 50V C0G 0805," 10PF",C0805H30,5,50V,N/A,"C15,C62",WURTH ELEKTRONIK," 885012007051",REL,N/A,N/A,N/A,N/A,N/A,?,?
9,17,E026560,CAP CER 0.1uF 16V 10% X7R 0603," 0.1uF",C0603,10,16V,N/A,"C2,C6,C31,C33,C34,C44,C45,C49,C50,C51,C53,C57,C59,C61,C64,C65,C66",WURTH ELEKTRONIK," 885012206046",REL,N/A,N/A,N/A,N/A,N/A,?,?
11,2,E000414,CAP CER 82pF 50V 5% C0G 0603," 82pF",C0603,5,50V,N/A,"C42,C43",PHYCOMP (YAGEO)," 2238 867 15829",REL,ADD_TO_STOCK_#27,N/A,722078,N/A,7003505,?,?
13,1,E025454,CAP CER 22uF 10V 10% X7R 1206," 22uF",C1206H71-2,10,10V,N/A,C63,WURTH ELEKTRONIK," 885012208019",REL,N/A,N/A,N/A,N/A,N/A,?,?
14,1,E019662,DIODE SCHOTTKY POWER RECTIFIER SMD," MBR0520LT1G",SOD123-2,N/A,20V,N/A,D1,ON SEMICONDUCTOR," MBR0520LT1G",REL,N/A,N/A,N/A,N/A,7003967,?,?
15,1,E026974,"IND CHIP FERRITE BEAD FOR GENERAL SIGNAL LINES, 0.6A 0.21OHM MAX DCR"," 600OHM AT 100MEGHZ",L0805,25,N/A,N/A,E1,MURATA," BLM21AG601SN1",REL,N/A,N/A,N/A,N/A,N/A,?,?
16,4,E021489,IND CHIP FERRITE BEAD," 30OHM AT 100MEGHZ",L0402,25,N/A,N/A,"E2,E3,E4,E5",MURATA MANUFACTURING," BLM15PD300SN1D",REL,N/A,N/A,N/A,N/A,N/A,?,?
17,2,E049020,CONN-PCB SMA END LAUNCH JACK FLAT TAB FLANGE FOR 1.62MM PCB," 60312202114513",CNSMARAL559W250H131,N/A,N/A,N/A,"J1,J2",WURTH ELEKTRONIK," 60312202114513",REL,N/A,N/A,N/A,N/A,N/A,?,?
18,1,E010606,CONN-PCB STRAIGHT SMA PCB DIE CAST," 5-1814832-2",CNTYCO1814832,N/A,N/A,N/A,J3,TE CONNECTIVITY LTD," 5-1814832-2",REL,ADD_TO_STOCK,N/A,N/A,N/A,6001448,?,?
19,1,E020038,INDUCTOR COUPLED LPD5030," 10uH",LSMSQ189H118,20,N/A,N/A,L1,COILCRAFT," LPD5030-103MRC",REL,N/A,N/A,N/A,N/A,N/A,?,?
20,3,E021702,"CONN-PCB, MICRO LOW PROFILE TERM STRIPS"," FTS-103-01-F-S",CN1X3H159,N/A,N/A,N/A,"P1,P2,P3",SAMTEC," FTS-103-01-F-S",REL,N/A,N/A,N/A,N/A,N/A,?,?
21,1,E011383,"CONN-PCB SGNL-END ARRAY MALE 160POS, FOR KITT RF APPLICATION USE ALTERNATE SYMBOL"," ASP-134604-01",CNSAMTECASP-134604-01,N/A,N/A,N/A,P4,SAMTEC," ASP-134604-01",NON-PREF,A012-0003-205,NA,NA,N/A,6001264,?,?
22,22,E027148,RES SMD 0 Ohm JUMPER 1/4W 0603 AEC-Q200," 0",R0603,JUMPER,N/A,1/4W,"R1,R3,R4,R5,R7,R8,R9,R13,R14,R31,R33,R35,R36,R37,R58,R59,R65,R66,R71,R73,R76,R88",VISHAY," CRCW06030000Z0EAHP",REL,N/A,N/A,N/A,N/A,7008613,?,?
23,1,E031505,RES SMD 750K Ohm 1% 1/10W 0603 AEC-Q200," 750K",R0603,1,N/A,1/10W,R10,PANASONIC," ERJ-3EKF7503V",REL,N/A,N/A,N/A,N/A,N/A,?,?
24,1,E011126,RES SMD 18.2K Ohm 1% 1/10W 0603 AEC-Q200," 18.2K",R0603,1,N/A,1/10W,R11,PANASONIC," ERJ-3EKF1822V",REL,N/A,41816JH2040,N/A,N/A,7006344,?,?
25,1,E020173,RES SMD 13K Ohm 1% 1/10W 0603," 13K",R0603,1,N/A,1/10W,R12,YAGEO," RC0603FR-0713KL",REL,N/A,N/A,N/A,N/A,N/A,?,?
26,5,E017050,RES SMD 100K Ohm 1% 1/10W 0603," 100K",R0603,1,N/A,1/10W,"R2,R15,R17,R19,R21",YAGEO," RC0603JR-07100KL",REL,N/A,N/A,N/A,N/A,7005769,?,?
27,4,E003681,RES SMD 22.1K Ohm 1% 1/10W 0603 AEC-Q200," 22.1K",R0603,1,N/A,1/10W,"R16,R18,R20,R84",PANASONIC," ERJ-3EKF2212V",REL,A003-0032-016,41816DG287,N/A,N/A,7006793,?,?
28,1,E023402,RES SMD 80.6K Ohm 1% 1/10W 0603 AEC-Q200," 80.6K",R0603,1,N/A,1/10W,R22,VISHAY," CRCW060380K6FKEA",REL,N/A,N/A,N/A,N/A,N/A,?,?
29,1,E042827,RES SMD 68.1K OHM 1% 1/10W 0603 AEC-Q200," 68.1K",R0603,1,N/A,1/10W,R23,PANASONIC," ERJ-3EKF6812V",REL,N/A,N/A,N/A,N/A,N/A,?,?
30,1,E026198,RES SMD 51.1K Ohm 1% 1/10W 0603 AEC-Q200," 51.1K",R0603,1,N/A,1/10W,R24,PANASONIC," ERJ-3EKF5112V",REL,N/A,N/A,N/A,N/A,N/A,?,?
31,1,E025629,RES SMD 24.9K Ohm 1% 1/10W 0603," 24.9K",R0603,1,N/A,1/10W,R25,YAGEO," RC0603FR-0724K9L",REL,N/A,N/A,N/A,N/A,N/A,?,?
32,1,E003726,RES SMD 4.99K Ohm 1% 1/10W 0603 AEC-Q200," 4.99K",R0603,1,N/A,1/10W,R26,PANASONIC," ERJ-3EKF4991V",REL,A003-0032-086,41816DG744,N/A,N/A,7007555,?,?
33,2,E010156,RES SMD 1.5K Ohm 1% 1/10W 0603," 1.5K",R0603,1,50V,1/10W,"R27,R28",BOURNS," CR0603-FX-1501ELF",REL,N/A,N/A,N/A,N/A,7005561,?,?
34,1,E025112,RES SMD 39.2K Ohm 1% 1/10W 0603," 39.2K",R0603,1,N/A,1/10W,R29,YAGEO," RC0603FR-0739K2L",REL,N/A,N/A,N/A,N/A,N/A,?,?
35,2,E011249,RES SMD 1.21K Ohm 1% 1/10W 0603 AEC-Q200," 1.21K",R0603,1,N/A,1/10W,"R30,R86",PANASONIC," ERJ-3EKF1211V",REL,N/A,41816JH2065,N/A,N/A,N/A,?,?
36,11,E029591,RES SMD 1K Ohm 1% 1/10W 0603," 1K",R0603,1,N/A,1/10W,"R32,R34,R45,R46,R55,R62,R63,R69,R72,R78,R79",YAGEO," RC0603FR-071KL",REL,N/A,N/A,N/A,N/A,N/A,?,?
37,2,E003696,RES SMD 24.9 Ohm 1% 1/10W 0603 AEC-Q200," 24.9",R0603,1,N/A,1/10W,"R53,R54",PANASONIC," ERJ-3EKF24R9V",REL,A003-0032-043,41816DG939,N/A,N/A,7006876,?,?
38,2,E003668,RES SMD 100 Ohm 1% 1/10W 0603 AEC-Q200," 100",R0603,1,N/A,1/10W,"R56,R57",PANASONIC," ERJ-3EKF1000V",REL,A003-0032-003,41816DG308,FEC 911-112,1514_CAB3,7005700,?,?
42,1,E003673,RES SMD 49.9 Ohm 1% 1/10W 0603 AEC-Q200," 49.9",R0603,1,N/A,1/10W,R77,PANASONIC," ERJ-3EKF49R9V",REL,A003-0032-008,41816DG314,N/A,N/A,N/A,?,?
43,3,E010479,RES SMD 33.2 Ohm 1% 1/10W 0603 AEC-Q200," 33.2",R0603,1,1.822V,1/10W,"R80,R82,R83",PANASONIC," ERJ-3EKF33R2V",REL,A003-0032-107,41816JH1178,N/A,N/A,7007286,?,?
44,1,E028266,RES SMD 33.2K Ohm 1% 1/10W 0603 AEC-Q200," 33.2K",R0603,1,N/A,1/10W,R85,PANASONIC," ERJ-3EKF3322V",REL,N/A,N/A,N/A,N/A,N/A,?,?
46,4,E015367,CONN-PCB TEST POINT BLK," BLK",CNKEY5005-9TP,N/A,N/A,N/A,"TP2,TP4,TP5,TP6",KEYSTONE ELECTRONICS," 5006",REL,N/A,N/A,N/A,N/A,6001625,?,?
47,1,E058101,IC-ADI 18-BIT 15MSPS SAR ADC," LTC2387CUH-18#PBF",QFN32_5X5_PAD3_45X3_45,N/A,N/A,?,U1,ANALOG DEVICES," LTC2387CUH-18#PBF",REL,N/A,N/A,N/A,N/A,N/A,?,?
48,1,E028779,"IC-ADI HIGH-SPEED, FULLY DIFFERENTIAL ADC DRIVER"," ADA4945-1ACPZ-R7",QFN16_3X3_PAD1_6X1_6,N/A,N/A,?,U10,ANALOG DEVICES," ADA4945-1ACPZ-R7",REL,N/A,N/A,N/A,N/A,N/A,?,?
49,1,E021262,"IC-ADI 1-BIT, 2-PORT LEVEL TRANSLATOR BUS SWITCH"," ADG3241BKSZ",SC70-6,N/A,N/A,?,U11,ANALOG DEVICES," ADG3241BKSZ-REEL7",REL,N/A,N/A,N/A,N/A,N/A,?,?
50,1,E058692,IC-TTL SINGLE INVERTER GATE," 74LVC1G04FW4-7",DFN6_1X1,N/A,N/A,?,U12,DIODES INCORPORATED," 74LVC1G04FW4-7",REL,N/A,N/A,N/A,N/A,N/A,?,?
51,1,E057341,IC-TTL SINGLE POSITIVE EDGE TRIGGERED D TYPE FLIP FLOP WITH CLEAR AND RESET," SN74LVC1G74DCTR",MSOP8-2,N/A,N/A,?,U13,TEXAS INSTRUMENTS," SN74LVC1G74DCTR",REL,N/A,N/A,N/A,N/A,N/A,?,?
52,4,E029803,"IC-ADI 20V, 200MA, ULTRALOW NOISE, ULTRAHIGH PSRR RF LINEAR REGULATOR"," LT3042EMSE#PBF",MSOP10_PAD1_88X1_68,N/A,N/A,?,"U5,U6,U7,U14",ANALOG DEVICES," LT3042EMSE#PBF",REL,N/A,N/A,N/A,N/A,N/A,?,?
53,1,E013548,IC-ADI CMOS LVDS DIFF DRVR," ADN4661BRZ",SO8,N/A,3V TO 3.6V,?,U15,ADI," ADN4661BRZ",REL,N/A,N/A,N/A,1226_CAB4,1003634,?,?
54,1,E017487,"IC-ADI ULTRA LOW NOISE, HIGH ACCURACY VREF"," ADR4520ARZ",SO8,N/A,N/A,?,U2,ADI," ADR4520ARZ",REL,N/A,N/A,N/A,N/A,1003973,?,?
55,1,E030339,IC-ADI STEP-UP DC/DC CONVERTERS," LT1931ES5#TRMPBF",TSOT-5,N/A,N/A,?,U3,ANALOG DEVICES," LT1931ES5#TRMPBF",REL,N/A,N/A,N/A,N/A,N/A,?,?
56,1,E038067,IC-ADI ADJUSTABLE 1.1A SINGLE RESISTOR LOW DROPOUT REGULATOR," LT3080EDD#PBF",DFN8_3X3_PAD2_38X1_65,N/A,N/A,?,U4,ANALOG DEVICES," LT3080EDD#PBF",REL,N/A,N/A,N/A,N/A,N/A,?,?
57,1,E033630,"IC-ADI -20V, 0.5A ULTRALOW NOISE, ULTRA HIGH PSSR NEGATIVE LINEAR REGULATOR"," LT3094EDD#PBF",DFN12_3X3_PAD2_38X1_65,N/A,N/A,?,U8,ANALOG DEVICES," LT3094EDD#PBF",REL,N/A,N/A,N/A,N/A,N/A,?,?
58,1,E018349,IC 2KBIT SER I2C BUS EEPROM 1.8V TO 5.5V," M24C02-RMN6TP",SO8,N/A,N/A,?,U9,STMICROELECTRONICS," M24C02-RMN6TP",REL,N/A,N/A,N/A,N/A,1004917,?,?
59,1,E054211,IC CRYSTAL 120MEGHZ VCXO LVCMOS 3.3V 15PF," 120MEGHZ",YSML563W343H217_A,N/A,3.3V,N/A,Y1,ABRACON CORP.," ABLNO-V-120.000MHZ-T2",REL,N/A,N/A,N/A,N/A,N/A,?,?

Callouts File:C:\tmp\20_068279b\worklib\02_068279b_top\bom\MECHANICAL.callouts
Mechanical Parts
ITEM#,Qty,WW_PN,DESCRIPTION," VALUE",JEDEC_TYPE,TOL,VOLTAGE,WATTAGE,LOCATION,MFG," MFG_PN",HLM_STATUS,STOCKROOM_WL,STOCKROOM_GT,STOCKROOM_LK,STOCKROOM_GBO,STOCKROOM_NSH,CUSTOM_PART,DNI
2,3,M021731,"SHUNT, 1.27MM PITCH RED WITH HANDLE"," ?",N/A,?,?,?,?,HARWIN," M50-2020005",REL,N/A,N/A,N/A,N/A,N/A,?,?


The following components are part of the PCB or are NOT to be installed
ITEM#,Qty,WW_PN,DESCRIPTION," VALUE",JEDEC_TYPE,TOL,VOLTAGE,WATTAGE,LOCATION,MFG," MFG_PN",HLM_STATUS,STOCKROOM_WL,STOCKROOM_GT,STOCKROOM_LK,STOCKROOM_GBO,STOCKROOM_NSH,CUSTOM_PART,DNI
 3,1,E024029,IC-ADI 180MEGHZ RAIL TO RAIL I/O AMP," ADA4807-1ARJZ",SOT23_6-2,N/A,N/A,?,A1,ANALOG DEVICES," ADA4807-1ARJZ-R7",REL,N/A,N/A,N/A,N/A,N/A,?,DNI
 10,3,E000382,DO NOT INSTALL (TBD_C0603) PLEASE USE SYM_3 AND/OR SYM_4," TBD0603",C0603,TBD0603,TBD0603,N/A,"C7,C8,C41",TBD0603," TBD0603",REL,TBD0603,N/A,N/A,N/A,N/A,?,DNI
 12,3,E000402,CAP CER 1.8pF 50V 5% C0G 0603," 1.8pF",C0603,5,50V,N/A,"C56,C58,C60",PHYCOMP (YAGEO)," 2238 587 15188",REL,ADD_TO_STOCK_#15,N/A,721876,N/A,7002312,?,DNI
 39,1,E004050,"DO NOT INSTALL (TBD_R0603), PLEASE USE SYM_3 AND/OR SYM_4"," TBD0603",R0603,TBD0603,N/A,TBD0603,R6,TBD0603," TBD0603",REL,TBD0603,N/A,N/A,N/A,N/A,?,DNI
 40,6,E027148,RES SMD 0 Ohm JUMPER 1/4W 0603 AEC-Q200," 0",R0603,JUMPER,N/A,1/4W,"R60,R61,R64,R67,R74,R75",VISHAY," CRCW06030000Z0EAHP",REL,N/A,N/A,N/A,N/A,7008613,?,DNI
 41,2,E017927,RES SMD 20K Ohm 1% 1/10W 0603 AEC-Q200," 20K",R0603,1,N/A,1/10W,"R68,R70",PANASONIC," ERJ-3EKF2002V",REL,N/A,N/A,N/A,N/A,N/A,?,DNI
 45,14,E016323,CONN-PCB TEST POINT RED," RED",CNKEY5001TP,N/A,N/A,N/A,"TP1,TP3,TP7,TP8,TP9,TP10,TP11,TP12,TP13,TP14,TP15,TP16,TP17,TP18",KEYSTONE ELECTRONICS," 5000",REL,N/A,N/A,N/A,N/A,6001620,?,DNI

