TITLE: Bill of Materials
BOM NO: 05-070425-01-b.csv
DATE: 11/24/2022
DESIGN: 02_070425b_top
TEMPLATE: Z:\allegro\v174_site\cdssetup\template.bom
CALLOUT: 

ITEM#,Qty,WW_PN,DESCRIPTION," VALUE",JEDEC_TYPE,TOL,VOLTAGE,WATTAGE,LOCATION,MFG," MFG_PN",HLM_STATUS,STOCKROOM_WL,STOCKROOM_GT,STOCKROOM_LK,STOCKROOM_GBO,STOCKROOM_NSH,CUSTOM_PART,DNI
1,1,08_070425b,PCB,?,?,?,?,?,?,Analog Devices Supplied,08_070425b,N/A,?,?,?,?,?,?,?
2,29,E011865,CAP CER 0.1uF 50V 10% X7R 0603," 0.1uF",C0603,10,50V,N/A,"C1,C1A,C1B,C1C,C1D,C2,C2A,C2B,C2C,C2D,C3,C4,C5,C9A,C9B,C9C,C9D,C10A,C10B,C10C,C10D,C11A,C11B,C11C,C11D,C12A,C12B,C12C,C12D",AVX," 06035C104KAT2A",REL,A004-0012-032,N/A,N/A,1285_CAB3,N/A,?,?
3,16,E028468,CAP CER 4.7uF 50V 10% X7R 0805," 4.7uF",C0805H53,10,50V,N/A,"C7A,C7B,C7C,C7D,C8A,C8B,C8C,C8D,C13A,C13B,C13C,C13D,C14A,C14B,C14C,C14D",MURATA," GRM21BZ71H475KE15L",REL,N/A,N/A,N/A,N/A,N/A,?,?
5,1,E005318,LED GREEN SURFACE MOUNT," SML-LXT0805GW-TR",LXT0805,N/A,N/A,N/A,DS1,LUMEX," SML-LXT0805GW-TR",REL,A002-0004-029,40402JH149,N/A,N/A,N/A,?,?
6,12,E013428,CONN-PCB SMA JACK ST," 901-144-8RFX",CNTHSMASQ276H391,N/A,N/A,N/A,"J1,J2,J3,J4,J5,J6,J7,J8,J9,J10,J11,J12",AMPHENOL," 901-144-8RFX",REL,N/A,N/A,N/A,N/A,N/A,?,?
7,1,E056353,CONN-PCB 200POS MALE HIGH DENSITY EDGE RATE 0.635MM PITCH," ADM6-50-01.5-L-4-2-A-TR",CNSMMHDR4X50L1436W197H161,N/A,N/A,N/A,P1,SAMTEC INC.," ADM6-50-01.5-L-4-2-A-TR",REL,N/A,N/A,N/A,N/A,N/A,?,?
8,1,E012728,RES SMD 560 Ohm 1% 1/4W 1206," 560",R1206,1,N/A,1/4W,R1,YAGEO," RC1206FR-07560RL",REL,N/A,ADD_TO_STOCK,N/A,N/A,7008071,?,?
10,54,E003438,RES SMD 0 Ohm JUMPER 1/10W 0402 AEC-Q200," 0",R0402,JUMPER,N/A,1/10W,"R2,R7,R8A,R8B,R8C,R8D,R9,R9A,R9B,R9C,R9D,R12,R12A,R12B,R12C,R12D,R13A,R13B,R13C,R13D,R14A,R14B,R14C,R14D,R15,R15A,R15B,R15C,R15D,R16A,R16B,R16C,R16D,R17A,R17B,R17C,R17D,R18,R19A,R19B,R19C,R19D,R21A,R21B,R21C,R21D,R22A,R22B,R22C,R22D,R24A,R24B,R24C,R24D",PANASONIC," ERJ-2GE0R00X",REL,A003-0021-001,N/A,N/A,1138_CAB3,7000282,?,?
11,6,E003688,RES SMD 34K Ohm 1% 1/10W 0603 AEC-Q200," 34K",R0603,1,N/A,1/10W,"R1A,R1B,R1C,R1D,R21,R22",PANASONIC," ERJ-3EKF3402V",REL,A003-0032-024,41816JH1677,N/A,N/A,7007344,?,?
12,3,E003751,RES SMD 10K Ohm 1% 1/10W 0402 AEC-Q200," 10K",R0402,1,N/A,1/10W,"R4,R6,R8",PANASONIC," ERJ-2RKF1002X",REL,A003-0035-004,41816DG719,N/A,N/A,7000582,?,?
13,8,E020936,RES SMD 1K Ohm 5% 1/16W 0402," 1K",R0402,5,N/A,1/16W,"R4A,R4B,R4C,R4D,R5A,R5B,R5C,R5D",YAGEO," RC0402JR-071KL",REL,N/A,N/A,N/A,N/A,N/A,?,?
16,1,E018349,IC 2KBIT SER I2C BUS EEPROM 1.8V TO 5.5V," M24C02-RMN6TP",SO8,N/A,N/A,?,U1,STMICROELECTRONICS," M24C02-RMN6TP",REL,N/A,N/A,N/A,N/A,1004917,?,?
17,6,E033675,"IC-ADI FAULT PROTECTION AND DETECION, 20OHM, DUAL SPST SWITCH"," ADG5421FBCPZ-RL7",DFN10_3X2,N/A,N/A,?,"U1A,U1B,U1C,U1D,U2,U3",ANALOG DEVICES," ADG5421FBCPZ-RL7",REL,N/A,N/A,N/A,N/A,N/A,?,?
18,8,E010180,IC-ADI HI-VOL LNOISE LDIST UNITY GAIN OP AMP," ADA4898-1YRDZ",SO8NB-PAD2_3X2_3,N/A,N/A,?,"U2A,U2B,U2C,U2D,U3A,U3B,U3C,U3D",ADI," ADA4898-1YRDZ",REL,N/A,N/A,N/A,N/A,N/A,?,?


The following components are part of the PCB or are NOT to be installed
ITEM#,Qty,WW_PN,DESCRIPTION," VALUE",JEDEC_TYPE,TOL,VOLTAGE,WATTAGE,LOCATION,MFG," MFG_PN",HLM_STATUS,STOCKROOM_WL,STOCKROOM_GT,STOCKROOM_LK,STOCKROOM_GBO,STOCKROOM_NSH,CUSTOM_PART,DNI
 4,28,E012085,CAP CER 0.47uF 16V 10% X7R 0603 AEC-Q200," 0.47uF",C0603,10,16V,N/A,"C3A,C3B,C3C,C3D,C4A,C4B,C4C,C4D,C5A,C5B,C5C,C5D,C6A,C6B,C6C,C6D,C15A,C15B,C15C,C15D,C16A,C16B,C16C,C16D,C17A,C17B,C17C,C17D",MURATA," GCM188R71C474KA55D",REL,A004-0012-022,N/A,N/A,1364_CAB3,7002224,?,DNI
 9,46,E003438,RES SMD 0 Ohm JUMPER 1/10W 0402 AEC-Q200," 0",R0402,JUMPER,N/A,1/10W,"R2A,R2B,R2C,R2D,R3,R3A,R3B,R3C,R3D,R5,R10,R10A,R10B,R10C,R10D,R11,R11A,R11B,R11C,R11D,R13,R14,R16,R17,R18A,R18B,R18C,R18D,R19,R20,R20A,R20B,R20C,R20D,R23,R23A,R23B,R23C,R23D,R24,R25,R25A,R25B,R25C,R25D,R26",PANASONIC," ERJ-2GE0R00X",REL,A003-0021-001,N/A,N/A,1138_CAB3,7000282,?,DNI
 14,8,E003751,RES SMD 10K Ohm 1% 1/10W 0402 AEC-Q200," 10K",R0402,1,N/A,1/10W,"R6A,R6B,R6C,R6D,R7A,R7B,R7C,R7D",PANASONIC," ERJ-2RKF1002X",REL,A003-0035-004,41816DG719,N/A,N/A,7000582,?,DNI
 15,4,E005347,CONN-PCB TST PNT BLK," BLK",CNKEY5001TP,N/A,N/A,N/A,"TP1,TP2,TP3,TP4",KEYSTONE ELECTRONICS," 5001",REL,ADD_TO_STOCK1,42009JH001,N/A,N/A,6001621,?,DNI

